{
  "$schema": "https://schema.management.azure.com/schemas/0.1.2-preview/CreateUIDefinition.MultiVm.json#",
  "handler": "Microsoft.Azure.CreateUIDef",
  "version": "0.1.2-preview",
  "parameters": {
    "config": {
      "isWizard": false,
      "basics": {
        "description": "<img src=\"https://www.tanium.com/wp-content/themes/main/lib/images/header-logo.svg\">\n\n**Important:** _This Microsoft Sentinel Solution is currently in public preview. This feature is provided without a service level agreement, and it's not recommended for production workloads. Certain features might not be supported or might have constrained capabilities. For more information, see [Supplemental Terms of Use for Microsoft Azure Previews](https://azure.microsoft.com/support/legal/preview-supplemental-terms/)._\n\n**Note:** _There may be [known issues](https://aka.ms/sentinelsolutionsknownissues) pertaining to this Solution, please refer to them before installing._\n\nSentinel bundle for Tanium\n\nMicrosoft Sentinel Solutions provide a consolidated way to acquire Microsoft Sentinel content like data connectors, workbooks, analytics, and automations in your workspace with a single deployment step.\n\n**Data Connectors:** 1, **Workbooks:** 1, **Analytic Rules:** 1, **Playbooks:** 6\n\n[Learn more about Microsoft Sentinel](https://aka.ms/azuresentinel) | [Learn more about Solutions](https://aka.ms/azuresentinelsolutionsdoc)",
        "subscription": {
          "resourceProviders": [
            "Microsoft.OperationsManagement/solutions",
            "Microsoft.OperationalInsights/workspaces/providers/alertRules",
            "Microsoft.Insights/workbooks",
            "Microsoft.Logic/workflows"
          ]
        },
        "location": {
          "metadata": {
            "hidden": "Hiding location, we get it from the log analytics workspace"
          },
          "visible": false
        },
        "resourceGroup": {
          "allowExisting": true
        }
      }
    },
    "basics": [
      {
        "name": "getLAWorkspace",
        "type": "Microsoft.Solutions.ArmApiControl",
        "toolTip": "This filters by workspaces that exist in the Resource Group selected",
        "condition": "[greater(length(resourceGroup().name),0)]",
        "request": {
          "method": "GET",
          "path": "[concat(subscription().id,'/providers/Microsoft.OperationalInsights/workspaces?api-version=2020-08-01')]"
        }
      },
      {
        "name": "workspace",
        "type": "Microsoft.Common.DropDown",
        "label": "Workspace",
        "placeholder": "Select a workspace",
        "toolTip": "This dropdown will list only workspace that exists in the Resource Group selected",
        "constraints": {
          "allowedValues": "[map(filter(basics('getLAWorkspace').value, (filter) => contains(toLower(filter.id), toLower(resourceGroup().name))), (item) => parse(concat('{\"label\":\"', item.name, '\",\"value\":\"', item.name, '\"}')))]",
          "required": true
        },
        "visible": true
      },
      {
        "name": "taniumforwarderhostname",
        "type": "Microsoft.Common.TextBox",
        "label": "Tanium Forwarder Hostname",
        "placeholder": "host.example.com",
        "toolTip": "URL of the Tanium Forwarder. Should start with \"https://\".",
        "constraints": {
          "regex": "[a-z0-9A-Z]{1,256}$",
          "validationMessage": "Please enter a Tanium Forwarder URL",
          "required": true
        },
        "visible": true
      },
      {
        "name": "taniumforwarderapikey",
        "type": "Microsoft.Common.TextBox",
        "label": "Tanium Forwarder API Key",
        "placeholder": "xxxxxxxx-xxxx-xxxx-xxxx-xxxxxxxxxxxx",
        "toolTip": "API Key of the Tanium Forwarder. Should be in the format of: \"xxxxxxxx-xxxx-xxxx-xxxx-xxxxxxxxxxxx\".",
        "constraints": {
          "regex": "[a-z0-9A-Z]{1,256}$",
          "validationMessage": "Please enter a Tanium Forwarder API Token",
          "required": true
        },
        "visible": true
      }
    ],
    "steps": [
      {
        "name": "dataconnectors",
        "label": "Data Connectors",
        "bladeTitle": "Data Connectors",
        "elements": [
          {
            "name": "dataconnectors1-text",
            "type": "Microsoft.Common.TextBlock",
            "options": {
              "text": "This Solution installs the data connector for Tanium. You can get Tanium custom log data in your Microsoft Sentinel workspace. Configure and enable this data connector in the Data Connector gallery after this Solution deploys. This data connector creates custom log table(s) TaniumMainAsset_CL in your Microsoft Sentinel / Azure Log Analytics workspace."
            }
          },
          {
            "name": "dataconnectors-link1",
            "type": "Microsoft.Common.TextBlock",
            "options": {
              "link": {
                "label": "Learn more about normalized format",
                "uri": "https://docs.microsoft.com/azure/sentinel/normalization-schema"
              }
            }
          },
          {
            "name": "dataconnectors-link2",
            "type": "Microsoft.Common.TextBlock",
            "options": {
              "link": {
                "label": "Learn more about connecting data sources",
                "uri": "https://docs.microsoft.com/azure/sentinel/connect-data-sources"
              }
            }
          }
        ]
      },
      {
        "name": "workbooks",
        "label": "Workbooks",
        "subLabel": {
          "preValidation": "Configure the workbooks",
          "postValidation": "Done"
        },
        "bladeTitle": "Workbooks",
        "elements": [
          {
            "name": "workbooks-text",
            "type": "Microsoft.Common.TextBlock",
            "options": {
              "text": "This Microsoft Sentinel Solution installs workbooks. Workbooks provide a flexible canvas for data monitoring, analysis, and the creation of rich visual reports within the Azure portal. They allow you to tap into one or many data sources from Microsoft Sentinel and combine them into unified interactive experiences.",
              "link": {
                "label": "Learn more",
                "uri": "https://docs.microsoft.com/azure/sentinel/tutorial-monitor-your-data"
              }
            }
          },
          {
            "name": "workbook1",
            "type": "Microsoft.Common.Section",
            "label": "Tanium",
            "elements": [
              {
                "name": "workbook1-text",
                "type": "Microsoft.Common.TextBlock",
                "options": {
                  "text": "Tanium main workbook"
                }
              },
              {
                "name": "workbook1-name",
                "type": "Microsoft.Common.TextBox",
                "label": "Display Name",
                "defaultValue": "Tanium",
                "toolTip": "Display name for the workbook.",
                "constraints": {
                  "required": true,
                  "regex": "[a-z0-9A-Z]{1,256}$",
                  "validationMessage": "Please enter a workbook name"
                }
              }
            ]
          }
        ]
      },
      {
        "name": "analytics",
        "label": "Analytics",
        "subLabel": {
          "preValidation": "Configure the analytics",
          "postValidation": "Done"
        },
        "bladeTitle": "Analytics",
        "elements": [
          {
            "name": "analytics-text",
            "type": "Microsoft.Common.TextBlock",
            "options": {
              "text": "This Microsoft Sentinel Solution installs analytic rules for Tanium that you can enable for custom alert generation in Microsoft Sentinel. These analytic rules will be deployed in disabled mode in the analytics rules gallery of your Microsoft Sentinel workspace. Configure and enable these rules in the analytic rules gallery after this Solution deploys.",
              "link": {
                "label": "Learn more",
                "uri": "https://docs.microsoft.com/azure/sentinel/tutorial-detect-threats-custom?WT.mc_id=Portal-Microsoft_Azure_CreateUIDef"
              }
            }
          },
          {
            "name": "analytic1",
            "type": "Microsoft.Common.Section",
            "label": "Tanium Threat Response Alerts",
            "elements": [
              {
                "name": "analytic1-text",
                "type": "Microsoft.Common.TextBlock",
                "options": {
                  "text": "Alerts from Tanium Threat Response (THR) that can be acted upon by Tanium Sentinel Playbook"
                }
              }
            ]
          }
        ]
      },
      {
        "name": "playbooks",
        "label": "Playbooks",
        "subLabel": {
          "preValidation": "Configure the playbooks",
          "postValidation": "Done"
        },
        "bladeTitle": "Playbooks",
        "elements": [
          {
            "name": "playbooks-text",
            "type": "Microsoft.Common.TextBlock",
            "options": {
              "text": "This solution installs playbook resources.  A security playbook is a collection of procedures that can be run from Microsoft Sentinel in response to an alert. A security playbook can help automate and orchestrate your response, and can be run manually or set to run automatically when specific alerts are triggered. Security playbooks in Microsoft Sentinel are based on Azure Logic Apps, which means that you get all the power, customizability, and built-in templates of Logic Apps. Each playbook is created for the specific subscription you choose, but when you look at the Playbooks page, you will see all the playbooks across any selected subscriptions.",
              "link": {
                "label": "Learn more",
                "uri": "https://docs.microsoft.com/azure/sentinel/tutorial-respond-threats-playbook?WT.mc_id=Portal-Microsoft_Azure_CreateUIDef"
              }
            }
          },
          {
            "name": "playbook1",
            "type": "Microsoft.Common.Section",
            "label": "CloseTHRAlertTanium",
            "elements": [
              {
                "name": "playbook1-text",
                "type": "Microsoft.Common.TextBlock",
                "options": {
                  "text": "This playbook uses your Tanium Server to close THR Alerts associated with Sentinel Incidents"
                }
              },
              {
                "name": "playbook1-PlaybookName",
                "type": "Microsoft.Common.TextBox",
                "label": "Playbook Name",
                "defaultValue": "CloseTHRAlertTanium",
                "toolTip": "Resource name for the logic app playbook.  No spaces are allowed",
                "constraints": {
                  "required": true,
                  "regex": "[a-z0-9A-Z]{1,256}$",
                  "validationMessage": "Please enter a playbook resource name"
                }
              },
              {
                "name": "playbook1-TaniumForwarderHost",
                "type": "Microsoft.Common.TextBox",
                "label": "Tanium Forwarder Host",
                "defaultValue": "[basics('taniumforwarderhostname').value]",
                "toolTip": "Please enter Tanium Forwarder Host",
                "constraints": {
                  "required": true,
                  "regex": "[a-z0-9A-Z]{1,256}$",
                  "validationMessage": "Please enter the Tanium Forwarder Host"
                }
              },
              {
                "name": "playbook1-ForwarderAPIToken",
                "type": "Microsoft.Common.TextBox",
                "label": "Forwarder API Token",
                "defaultValue": "[basics('taniumforwarderapikey').value]",
                "toolTip": "Please enter Forwarder API Token",
                "constraints": {
                  "required": true,
                  "regex": "[a-z0-9A-Z]{1,256}$",
                  "validationMessage": "Please enter the Forwarder API Token"
                }
              }
            ]
          },
          {
            "name": "playbook2",
            "type": "Microsoft.Common.Section",
            "label": "AddCommentTanium",
            "elements": [
              {
                "name": "playbook2-text",
                "type": "Microsoft.Common.TextBlock",
                "options": {
                  "text": "This playbook will add a comment to a Microsoft Sentinel incident."
                }
              },
              {
                "name": "playbook2-PlaybookName",
                "type": "Microsoft.Common.TextBox",
                "label": "Playbook Name",
                "defaultValue": "AddCommentTanium",
                "toolTip": "Resource name for the logic app playbook.  No spaces are allowed",
                "constraints": {
                  "required": true,
                  "regex": "[a-z0-9A-Z]{1,256}$",
                  "validationMessage": "Please enter a playbook resource name"
                }
              }
            ]
          },
          {
            "name": "playbook3",
            "type": "Microsoft.Common.Section",
            "label": "CollectComplyFindingsTanium",
            "elements": [
              {
                "name": "playbook3-text",
                "type": "Microsoft.Common.TextBlock",
                "options": {
                  "text": "This playbook uses your Tanium Server to gather Comply failures related to hosts associated with Sentinel Incidents"
                }
              },
              {
                "name": "playbook3-PlaybookName",
                "type": "Microsoft.Common.TextBox",
                "label": "Playbook Name",
                "defaultValue": "CollectComplyFindingsTanium",
                "toolTip": "Resource name for the logic app playbook.  No spaces are allowed",
                "constraints": {
                  "required": true,
                  "regex": "[a-z0-9A-Z]{1,256}$",
                  "validationMessage": "Please enter a playbook resource name"
                }
              },
              {
                "name": "playbook3-TaniumForwarderHost",
                "type": "Microsoft.Common.TextBox",
                "label": "Tanium Forwarder Host",
                "defaultValue": "[basics('taniumforwarderhostname').value]",
                "toolTip": "Please enter Tanium Forwarder Host",
                "constraints": {
                  "required": true,
                  "regex": "[a-z0-9A-Z]{1,256}$",
                  "validationMessage": "Please enter the Tanium Forwarder Host"
                }
              },
              {
                "name": "playbook3-ForwarderAPIToken",
                "type": "Microsoft.Common.TextBox",
                "label": "Forwarder API Token",
                "defaultValue": "[basics('taniumforwarderapikey').value]",
                "toolTip": "Please enter Forwarder API Token",
                "constraints": {
                  "required": true,
                  "regex": "[a-z0-9A-Z]{1,256}$",
                  "validationMessage": "Please enter the Forwarder API Token"
                }
              }
            ]
          },
          {
            "name": "playbook4",
            "type": "Microsoft.Common.Section",
            "label": "CollectDefenderStatusTanium",
            "elements": [
              {
                "name": "playbook4-text",
                "type": "Microsoft.Common.TextBlock",
                "options": {
                  "text": "This playbook uses your Tanium Server to gather Defender statuses related to hosts associated with Sentinel Incidents"
                }
              },
              {
                "name": "playbook4-PlaybookName",
                "type": "Microsoft.Common.TextBox",
                "label": "Playbook Name",
                "defaultValue": "CollectDefenderStatusTanium",
                "toolTip": "Resource name for the logic app playbook.  No spaces are allowed",
                "constraints": {
                  "required": true,
                  "regex": "[a-z0-9A-Z]{1,256}$",
                  "validationMessage": "Please enter a playbook resource name"
                }
              },
              {
                "name": "playbook4-TaniumForwarderHost",
                "type": "Microsoft.Common.TextBox",
                "label": "Tanium Forwarder Host",
                "defaultValue": "[basics('taniumforwarderhostname').value]",
                "toolTip": "Please enter Tanium Forwarder Host",
                "constraints": {
                  "required": true,
                  "regex": "[a-z0-9A-Z]{1,256}$",
                  "validationMessage": "Please enter the Tanium Forwarder Host"
                }
              },
              {
                "name": "playbook4-ForwarderAPIToken",
                "type": "Microsoft.Common.TextBox",
                "label": "Forwarder API Token",
                "defaultValue": "[basics('taniumforwarderapikey').value]",
                "toolTip": "Please enter Forwarder API Token",
                "constraints": {
                  "required": true,
                  "regex": "[a-z0-9A-Z]{1,256}$",
                  "validationMessage": "Please enter the Forwarder API Token"
                }
              }
            ]
          },
          {
            "name": "playbook5",
            "type": "Microsoft.Common.Section",
            "label": "CollectSCCMClientStatusTanium",
            "elements": [
              {
                "name": "playbook5-text",
                "type": "Microsoft.Common.TextBlock",
                "options": {
                  "text": "This playbook uses your Tanium Server to gather SCCM client statuses related to hosts associated with Sentinel Incidents"
                }
              },
              {
                "name": "playbook5-PlaybookName",
                "type": "Microsoft.Common.TextBox",
                "label": "Playbook Name",
                "defaultValue": "CollectSCCMClientStatusTanium",
                "toolTip": "Resource name for the logic app playbook.  No spaces are allowed",
                "constraints": {
                  "required": true,
                  "regex": "[a-z0-9A-Z]{1,256}$",
                  "validationMessage": "Please enter a playbook resource name"
                }
              },
              {
                "name": "playbook5-TaniumForwarderHost",
                "type": "Microsoft.Common.TextBox",
                "label": "Tanium Forwarder Host",
                "defaultValue": "[basics('taniumforwarderhostname').value]",
                "toolTip": "Please enter Tanium Forwarder Host",
                "constraints": {
                  "required": true,
                  "regex": "[a-z0-9A-Z]{1,256}$",
                  "validationMessage": "Please enter the Tanium Forwarder Host"
                }
              },
              {
                "name": "playbook5-ForwarderAPIToken",
                "type": "Microsoft.Common.TextBox",
                "label": "Forwarder API Token",
                "defaultValue": "[basics('taniumforwarderapikey').value]",
                "toolTip": "Please enter Forwarder API Token",
                "constraints": {
                  "required": true,
                  "regex": "[a-z0-9A-Z]{1,256}$",
                  "validationMessage": "Please enter the Forwarder API Token"
                }
              }
            ]
          },
          {
            "name": "playbook6",
            "type": "Microsoft.Common.Section",
            "label": "QuarantineHostsTanium",
            "elements": [
              {
                "name": "playbook6-text",
                "type": "Microsoft.Common.TextBlock",
                "options": {
                  "text": "This playbook uses your Tanium Server to quarantine hosts associated with Sentinel Incidents"
                }
              },
              {
                "name": "playbook6-PlaybookName",
                "type": "Microsoft.Common.TextBox",
                "label": "Playbook Name",
                "defaultValue": "QuarantineHostsTanium",
                "toolTip": "Resource name for the logic app playbook.  No spaces are allowed",
                "constraints": {
                  "required": true,
                  "regex": "[a-z0-9A-Z]{1,256}$",
                  "validationMessage": "Please enter a playbook resource name"
                }
              },
              {
                "name": "playbook6-TaniumForwarderHost",
                "type": "Microsoft.Common.TextBox",
                "label": "Tanium Forwarder Host",
                "defaultValue": "[basics('taniumforwarderhostname').value]",
                "toolTip": "Please enter Tanium Forwarder Host",
                "constraints": {
                  "required": true,
                  "regex": "[a-z0-9A-Z]{1,256}$",
                  "validationMessage": "Please enter the Tanium Forwarder Host"
                }
              },
              {
                "name": "playbook6-ForwarderAPIToken",
                "type": "Microsoft.Common.TextBox",
                "label": "Forwarder API Token",
                "defaultValue": "[basics('taniumforwarderapikey').value]",
                "toolTip": "Please enter Forwarder API Token",
                "constraints": {
                  "required": true,
                  "regex": "[a-z0-9A-Z]{1,256}$",
                  "validationMessage": "Please enter the Forwarder API Token"
                }
              }
            ]
          }
        ]
      }
    ],
    "outputs": {
      "workspace-location": "[first(map(filter(basics('getLAWorkspace').value, (filter) => and(contains(toLower(filter.id), toLower(resourceGroup().name)),equals(filter.name,basics('workspace')))), (item) => item.location))]",
      "location": "[location()]",
      "workspace": "[basics('workspace')]",
      "workbook1-name": "[steps('workbooks').workbook1.workbook1-name]",
      "playbook1-PlaybookName": "[steps('playbooks').playbook1.playbook1-PlaybookName]",
      "playbook1-TaniumForwarderHost": "[steps('playbooks').playbook1.playbook1-TaniumForwarderHost]",
      "playbook1-ForwarderAPIToken": "[steps('playbooks').playbook1.playbook1-ForwarderAPIToken]",
      "playbook2-PlaybookName": "[steps('playbooks').playbook2.playbook2-PlaybookName]",
      "playbook3-PlaybookName": "[steps('playbooks').playbook3.playbook3-PlaybookName]",
      "playbook3-TaniumForwarderHost": "[steps('playbooks').playbook3.playbook3-TaniumForwarderHost]",
      "playbook3-ForwarderAPIToken": "[steps('playbooks').playbook3.playbook3-ForwarderAPIToken]",
      "playbook4-PlaybookName": "[steps('playbooks').playbook4.playbook4-PlaybookName]",
      "playbook4-TaniumForwarderHost": "[steps('playbooks').playbook4.playbook4-TaniumForwarderHost]",
      "playbook4-ForwarderAPIToken": "[steps('playbooks').playbook4.playbook4-ForwarderAPIToken]",
      "playbook5-PlaybookName": "[steps('playbooks').playbook5.playbook5-PlaybookName]",
      "playbook5-TaniumForwarderHost": "[steps('playbooks').playbook5.playbook5-TaniumForwarderHost]",
      "playbook5-ForwarderAPIToken": "[steps('playbooks').playbook5.playbook5-ForwarderAPIToken]",
      "playbook6-PlaybookName": "[steps('playbooks').playbook6.playbook6-PlaybookName]",
      "playbook6-TaniumForwarderHost": "[steps('playbooks').playbook6.playbook6-TaniumForwarderHost]",
      "playbook6-ForwarderAPIToken": "[steps('playbooks').playbook6.playbook6-ForwarderAPIToken]"
    }
  }
}
