{
  "$schema": "https://schema.management.azure.com/schemas/2019-04-01/deploymentTemplate.json#",
  "contentVersion": "1.0.0.0",
  "metadata": {
    "author": "Tanium - support@tanium.com",
    "comments": "Solution template for Tanium"
  },
  "parameters": {
    "location": {
      "type": "string",
      "minLength": 1,
      "defaultValue": "[resourceGroup().location]",
      "metadata": {
        "description": "Not used, but needed to pass arm-ttk test `Location-Should-Not-Be-Hardcoded`.  We instead use the `workspace-location` which is derived from the LA workspace"
      }
    },
    "workspace-location": {
      "type": "string",
      "defaultValue": "",
      "metadata": {
        "description": "[concat('Region to deploy solution resources -- separate from location selection',parameters('location'))]"
      }
    },
    "workspace": {
      "defaultValue": "",
      "type": "string",
      "metadata": {
        "description": "Workspace name for Log Analytics where Microsoft Sentinel is setup"
      }
    },
    "formattedTimeNow": {
      "type": "string",
      "defaultValue": "[utcNow('g')]",
      "metadata": {
        "description": "Appended to workbook displayNames to make them unique"
      }
    },
    "workbook1-id": {
      "type": "string",
      "defaultValue": "[newGuid()]",
      "minLength": 1,
      "metadata": {
        "description": "Unique id for the workbook"
      }
    },
    "workbook1-name": {
      "type": "string",
      "defaultValue": "Tanium",
      "minLength": 1,
      "metadata": {
        "description": "Name for the workbook"
      }
    },
    "playbook1-PlaybookName": {
      "defaultValue": "CloseTHRAlertTanium",
      "type": "string",
      "minLength": 1,
      "metadata": {
        "description": "Resource name for the logic app playbook.  No spaces are allowed"
      }
    },
    "playbook1-TaniumForwarderHost": {
      "defaultValue": "__Change_Me_Host__",
      "type": "string",
      "minLength": 1
    },
    "playbook1-ForwarderAPIToken": {
      "defaultValue": "__Change_Me_APIToken__",
      "type": "string",
      "minLength": 1
    },
    "playbook2-PlaybookName": {
      "defaultValue": "AddCommentTanium",
      "type": "string",
      "minLength": 1,
      "metadata": {
        "description": "Resource name for the logic app playbook.  No spaces are allowed"
      }
    },
    "playbook3-PlaybookName": {
      "defaultValue": "CollectComplyFindingsTanium",
      "type": "string",
      "minLength": 1,
      "metadata": {
        "description": "Resource name for the logic app playbook.  No spaces are allowed"
      }
    },
    "playbook3-TaniumForwarderHost": {
      "defaultValue": "__Change_Me_Host__",
      "type": "string",
      "minLength": 1
    },
    "playbook3-ForwarderAPIToken": {
      "defaultValue": "__Change_Me_APIToken__",
      "type": "string",
      "minLength": 1
    },
    "playbook4-PlaybookName": {
      "defaultValue": "CollectDefenderStatusTanium",
      "type": "string",
      "minLength": 1,
      "metadata": {
        "description": "Resource name for the logic app playbook.  No spaces are allowed"
      }
    },
    "playbook4-TaniumForwarderHost": {
      "defaultValue": "__Change_Me_Host__",
      "type": "string",
      "minLength": 1
    },
    "playbook4-ForwarderAPIToken": {
      "defaultValue": "__Change_Me_APIToken__",
      "type": "string",
      "minLength": 1
    },
    "playbook5-PlaybookName": {
      "defaultValue": "CollectSCCMClientStatusTanium",
      "type": "string",
      "minLength": 1,
      "metadata": {
        "description": "Resource name for the logic app playbook.  No spaces are allowed"
      }
    },
    "playbook5-TaniumForwarderHost": {
      "defaultValue": "__Change_Me_Host__",
      "type": "string",
      "minLength": 1
    },
    "playbook5-ForwarderAPIToken": {
      "defaultValue": "__Change_Me_APIToken__",
      "type": "string",
      "minLength": 1
    },
    "playbook6-PlaybookName": {
      "defaultValue": "QuarantineHostsTanium",
      "type": "string",
      "minLength": 1,
      "metadata": {
        "description": "Resource name for the logic app playbook.  No spaces are allowed"
      }
    },
    "playbook6-TaniumForwarderHost": {
      "defaultValue": "__Change_Me_Host__",
      "type": "string",
      "minLength": 1
    },
    "playbook6-ForwarderAPIToken": {
      "defaultValue": "__Change_Me_APIToken__",
      "type": "string",
      "minLength": 1
    },
    "analytic1-id": {
      "type": "string",
      "defaultValue": "[newGuid()]",
      "minLength": 1,
      "metadata": {
        "description": "Unique id for the scheduled alert rule"
      }
    },
    "connector1-name": {
      "type": "string",
      "defaultValue": "f585ba99-b428-41cf-a2a3-2d9ecd8f50eb"
    }
  },
  "variables": {
    "TaniumWorkbook_workbook": "TaniumWorkbook_workbook",
    "_TaniumWorkbook_workbook": "[variables('TaniumWorkbook_workbook')]",
    "workbook-source": "[concat(resourceGroup().id, '/providers/Microsoft.OperationalInsights/workspaces/',parameters('workspace'))]",
    "_workbook-source": "[variables('workbook-source')]",
    "playbook1-Tanium-CloseTHRAlert": "playbook1-Tanium-CloseTHRAlert",
    "_playbook1-Tanium-CloseTHRAlert": "[variables('playbook1-Tanium-CloseTHRAlert')]",
    "playbook1-AzureSentinelConnectionName": "[concat('azuresentinel-', parameters('playbook1-PlaybookName'))]",
    "playbook-1-connection-1": "[concat('/subscriptions/', subscription().subscriptionId, '/providers/Microsoft.Web/locations/', parameters('workspace-location'), '/managedApis/azuresentinel')]",
    "_playbook-1-connection-1": "[variables('playbook-1-connection-1')]",
    "playbook2-Tanium-AddComment": "playbook2-Tanium-AddComment",
    "_playbook2-Tanium-AddComment": "[variables('playbook2-Tanium-AddComment')]",
    "playbook2-AzureSentinelConnectionName": "[concat('azuresentinel-', parameters('playbook2-PlaybookName'))]",
    "playbook3-Tanium-CollectComplyFindings": "playbook3-Tanium-CollectComplyFindings",
    "_playbook3-Tanium-CollectComplyFindings": "[variables('playbook3-Tanium-CollectComplyFindings')]",
    "playbook3-AzureSentinelConnectionName": "[concat('azuresentinel-', parameters('playbook3-PlaybookName'))]",
    "playbook4-Tanium-CollectDefenderStatus": "playbook4-Tanium-CollectDefenderStatus",
    "_playbook4-Tanium-CollectDefenderStatus": "[variables('playbook4-Tanium-CollectDefenderStatus')]",
    "playbook4-AzureSentinelConnectionName": "[concat('azuresentinel-', parameters('playbook4-PlaybookName'))]",
    "playbook5-Tanium-CollectSCCMClientStatus": "playbook5-Tanium-CollectSCCMClientStatus",
    "_playbook5-Tanium-CollectSCCMClientStatus": "[variables('playbook5-Tanium-CollectSCCMClientStatus')]",
    "playbook5-AzureSentinelConnectionName": "[concat('azuresentinel-', parameters('playbook5-PlaybookName'))]",
    "playbook6-Tanium-QuarantineHosts": "playbook6-Tanium-QuarantineHosts",
    "_playbook6-Tanium-QuarantineHosts": "[variables('playbook6-Tanium-QuarantineHosts')]",
    "playbook6-AzureSentinelConnectionName": "[concat('azuresentinel-', parameters('playbook6-PlaybookName'))]",
    "TaniumThreatResponseAlerts_AnalyticalRules": "TaniumThreatResponseAlerts_AnalyticalRules",
    "_TaniumThreatResponseAlerts_AnalyticalRules": "[variables('TaniumThreatResponseAlerts_AnalyticalRules')]",
    "connector1-source": "[concat('/subscriptions/',subscription().subscriptionId,'/resourceGroups/',resourceGroup().name,'/providers/Microsoft.OperationalInsights/workspaces/',parameters('workspace'),'/providers/Microsoft.SecurityInsights/dataConnectors/',parameters('connector1-name'))]",
    "_connector1-source": "[variables('connector1-source')]",
    "TaniumConnectorConnector": "TaniumConnectorConnector",
    "_TaniumConnectorConnector": "[variables('TaniumConnectorConnector')]",
    "sourceId": "taniuminc1646329360287.tanium_sentinel_connector",
    "_sourceId": "[variables('sourceId')]"
  },
  "resources": [
    {
      "type": "Microsoft.Insights/workbooks",
      "name": "[parameters('workbook1-id')]",
      "location": "[parameters('workspace-location')]",
      "kind": "shared",
      "apiVersion": "2021-08-01",
      "properties": {
        "displayName": "[concat(parameters('workbook1-name'), ' - ', parameters('formattedTimeNow'))]",
        "serializedData": "{\"version\":\"Notebook/1.0\",\"items\":[{\"type\":11,\"content\":{\"version\":\"LinkItem/1.0\",\"style\":\"tabs\",\"links\":[{\"cellValue\":\"selectedTab\",\"linkTarget\":\"parameter\",\"linkLabel\":\"Threat Response\",\"subTarget\":\"Threat Response\",\"style\":\"link\"},{\"cellValue\":\"selectedTab\",\"linkTarget\":\"parameter\",\"linkLabel\":\"Comply\",\"subTarget\":\"Comply\",\"preText\":\"Comply\",\"style\":\"link\"},{\"cellValue\":\"selectedTab\",\"linkTarget\":\"parameter\",\"linkLabel\":\"Discover\",\"subTarget\":\"Discover\",\"style\":\"link\"},{\"cellValue\":\"selectedTab\",\"linkTarget\":\"parameter\",\"linkLabel\":\"Microsoft Tooling Health\",\"subTarget\":\"Microsoft Tooling Health\",\"style\":\"link\"}]},\"name\":\"links - 8\"},{\"type\":12,\"content\":{\"version\":\"NotebookGroup/1.0\",\"groupType\":\"editable\",\"items\":[{\"type\":1,\"content\":{\"json\":\"## Top mission critical computers with CVSS hits >= 9.0\"},\"name\":\"text - 2\"},{\"type\":3,\"content\":{\"version\":\"KqlItem/1.0\",\"query\":\"TaniumComplyVulnerabilities_CL \\n| join TaniumMainAsset_CL on Computer_Name_s| where CVSS_Score_s startswith \\\"9\\\"\\n| extend Host_0_HostName = Computer_Name_s\\n| extend Malware_0_Name = CVE_s\\n| extend IP_0_Address = IP_Address_s\\n| summarize count() by Computer_Name_s | limit 4\\n| sort by count_\\n\",\"size\":4,\"queryType\":0,\"resourceType\":\"microsoft.operationalinsights/workspaces\",\"visualization\":\"tiles\",\"tileSettings\":{\"showBorder\":false,\"titleContent\":{\"columnMatch\":\"Computer_Name_s\",\"formatter\":1},\"leftContent\":{\"columnMatch\":\"count_\",\"formatter\":12,\"formatOptions\":{\"palette\":\"auto\"},\"numberFormat\":{\"unit\":17,\"options\":{\"maximumSignificantDigits\":3,\"maximumFractionDigits\":2}}}},\"graphSettings\":{\"type\":0,\"topContent\":{\"columnMatch\":\"Computer_Name_s\",\"formatter\":1},\"centerContent\":{\"columnMatch\":\"count_\",\"formatter\":1,\"numberFormat\":{\"unit\":17,\"options\":{\"maximumSignificantDigits\":3,\"maximumFractionDigits\":2}}}},\"mapSettings\":{\"locInfo\":\"LatLong\",\"sizeSettings\":\"count_\",\"sizeAggregation\":\"Sum\",\"legendMetric\":\"count_\",\"legendAggregation\":\"Sum\",\"itemColorSettings\":{\"type\":\"heatmap\",\"colorAggregation\":\"Sum\",\"nodeColorField\":\"count_\",\"heatmapPalette\":\"greenRed\"}}},\"name\":\"query - 2\"},{\"type\":1,\"content\":{\"json\":\"## Top operating systems with CVSS hits >= 9.0\"},\"name\":\"text - 4\"},{\"type\":3,\"content\":{\"version\":\"KqlItem/1.0\",\"query\":\"TaniumComplyVulnerabilities_CL \\n| join TaniumMainAsset_CL on Computer_Name_s| where CVSS_Score_s startswith \\\"9\\\"\\n| extend Host_0_HostName = Computer_Name_s\\n| extend Malware_0_Name = CVE_s\\n| extend IP_0_Address = IP_Address_s\\n| summarize count() by Operating_System_Generation_s\\n| sort by count_\",\"size\":4,\"timeContext\":{\"durationMs\":2592000000},\"queryType\":0,\"resourceType\":\"microsoft.operationalinsights/workspaces\",\"visualization\":\"piechart\",\"tileSettings\":{\"titleContent\":{\"columnMatch\":\"Operating_System_Generation_s\",\"formatter\":1},\"leftContent\":{\"columnMatch\":\"count_\",\"formatter\":12,\"formatOptions\":{\"palette\":\"auto\"},\"numberFormat\":{\"unit\":17,\"options\":{\"maximumSignificantDigits\":3,\"maximumFractionDigits\":2}}},\"showBorder\":false}},\"name\":\"query - 3\"},{\"type\":1,\"content\":{\"json\":\"## Vulnerability distribution by year\"},\"name\":\"text - 2\"},{\"type\":3,\"content\":{\"version\":\"KqlItem/1.0\",\"query\":\"TaniumComplyVulnerabilities_CL\\n|distinct CVE_Year_s,Computer_Name_s, CVE_s\\n|summarize count() by CVE_Year_s\\n|render barchart  \\n|sort by CVE_Year_s asc\",\"size\":0,\"timeContext\":{\"durationMs\":2592000000},\"queryType\":0,\"resourceType\":\"microsoft.operationalinsights/workspaces\"},\"name\":\"query - 3\"},{\"type\":1,\"content\":{\"json\":\"## Vulnerability Distribution by OS\"},\"name\":\"text - 5\"},{\"type\":3,\"content\":{\"version\":\"KqlItem/1.0\",\"query\":\"TaniumComplyVulnerabilities_CL\\n|distinct CVE_s, Computer_Name_s, Operating_System_Generation_s\\n|summarize count() by Operating_System_Generation_s\\n|render barchart\",\"size\":0,\"timeContext\":{\"durationMs\":2592000000},\"queryType\":0,\"resourceType\":\"microsoft.operationalinsights/workspaces\"},\"name\":\"query - 4\"},{\"type\":1,\"content\":{\"json\":\"## Vulnerability Distribution by Severity\"},\"name\":\"text - 6\"},{\"type\":3,\"content\":{\"version\":\"KqlItem/1.0\",\"query\":\"TaniumComplyVulnerabilities_CL\\n|distinct CVE_s,Severity_s\\n|summarize count() by Severity_s\",\"size\":0,\"timeContext\":{\"durationMs\":2592000000},\"queryType\":0,\"resourceType\":\"microsoft.operationalinsights/workspaces\",\"visualization\":\"graph\",\"tileSettings\":{\"showBorder\":false,\"titleContent\":{\"columnMatch\":\"Severity_s\",\"formatter\":1},\"leftContent\":{\"columnMatch\":\"count_\",\"formatter\":12,\"formatOptions\":{\"palette\":\"auto\"},\"numberFormat\":{\"unit\":17,\"options\":{\"maximumSignificantDigits\":3,\"maximumFractionDigits\":2}}}},\"graphSettings\":{\"type\":2,\"topContent\":{\"columnMatch\":\"Severity_s\",\"formatter\":1},\"centerContent\":{\"columnMatch\":\"count_\",\"formatter\":1,\"numberFormat\":{\"unit\":17,\"options\":{\"maximumSignificantDigits\":3,\"maximumFractionDigits\":2}}},\"nodeIdField\":\"Severity_s\",\"graphOrientation\":3,\"showOrientationToggles\":false,\"staticNodeSize\":100,\"hivesMargin\":5},\"textSettings\":{\"style\":\"bignumber\"}},\"name\":\"query - 7\"},{\"type\":1,\"content\":{\"json\":\"## System Outliers (Based on CVE Count & Aggregate CVSS Score)\\n\"},\"name\":\"text - 14\"},{\"type\":3,\"content\":{\"version\":\"KqlItem/1.0\",\"query\":\"TaniumComplyVulnerabilities_CL\\n|join kind=inner TaniumMainAsset_CL on Computer_Name_s\\n|distinct CVE_s,Computer_Name_s,CVSS_Score_s, Operating_System_Generation_s\\n|summarize  CVECount=dcount(CVE_s), cvss_endpoint_score=sum(todecimal(CVSS_Score_s)) by Computer_Name_s, Operating_System_Generation_s\\n|project cvss_endpoint_score, CVECount, Computer_Name_s, Operating_System_Generation_s\\n|render scatterchart\\n|sort by cvss_endpoint_score asc\",\"size\":0,\"timeContext\":{\"durationMs\":604800000},\"queryType\":0,\"resourceType\":\"microsoft.operationalinsights/workspaces\",\"visualization\":\"scatterchart\",\"tileSettings\":{\"showBorder\":false,\"titleContent\":{\"columnMatch\":\"Computer_Name_s\",\"formatter\":1},\"leftContent\":{\"columnMatch\":\"cvss_endpoint_score\",\"formatter\":12,\"formatOptions\":{\"palette\":\"auto\"},\"numberFormat\":{\"unit\":17,\"options\":{\"maximumSignificantDigits\":3,\"maximumFractionDigits\":2}}}},\"graphSettings\":{\"type\":0,\"topContent\":{\"columnMatch\":\"Computer_Name_s\",\"formatter\":1},\"centerContent\":{\"columnMatch\":\"cvss_endpoint_score\",\"formatter\":1,\"numberFormat\":{\"unit\":17,\"options\":{\"maximumSignificantDigits\":3,\"maximumFractionDigits\":2}}}},\"chartSettings\":{\"xAxis\":\"cvss_endpoint_score\",\"yAxis\":[\"CVECount\"],\"showLegend\":true,\"customThresholdLine\":\"{cvecount}\",\"customThresholdLineStyle\":5},\"mapSettings\":{\"locInfo\":\"LatLong\",\"sizeSettings\":\"cvss_endpoint_score\",\"sizeAggregation\":\"Sum\",\"legendMetric\":\"cvss_endpoint_score\",\"legendAggregation\":\"Sum\",\"itemColorSettings\":{\"type\":\"heatmap\",\"colorAggregation\":\"Sum\",\"nodeColorField\":\"cvss_endpoint_score\",\"heatmapPalette\":\"greenRed\"}}},\"name\":\"query - 15\"},{\"type\":1,\"content\":{\"json\":\"## Compliance Benchmark - Pass Rate\"},\"name\":\"text - 10\"},{\"type\":3,\"content\":{\"version\":\"KqlItem/1.0\",\"query\":\"TaniumComplyCompliance_CL | where  Rule_ID_s <> \\\"\\\"\\n|summarize  Total=count(), Pass=countif(Status_Category_s has \\\"Pass\\\"), Fail=countif(Status_Category_s has \\\"Fail\\\")\\n|extend PassRate=(Pass*1.0/Total)*100\\n|project PassRate\",\"size\":1,\"timeContext\":{\"durationMs\":604800000},\"queryType\":0,\"resourceType\":\"microsoft.operationalinsights/workspaces\",\"visualization\":\"tiles\",\"tileSettings\":{\"titleContent\":{\"columnMatch\":\"PassRate\",\"formatter\":12,\"formatOptions\":{\"palette\":\"redBright\"}},\"showBorder\":false}},\"name\":\"query - 11\"},{\"type\":1,\"content\":{\"json\":\"## Top 10 Benchmark Failures\"},\"name\":\"text - 12\"},{\"type\":3,\"content\":{\"version\":\"KqlItem/1.0\",\"query\":\"TaniumComplyCompliance_CL \\n|where  Rule_ID_s <> \\\"\\\" and Status_Category_s has \\\"fail\\\"\\n|summarize Count=count() by RuleID=Rule_ID_s\\n|top 10 by Count\",\"size\":0,\"timeContext\":{\"durationMs\":2592000000},\"queryType\":0,\"resourceType\":\"microsoft.operationalinsights/workspaces\"},\"name\":\"query - 13\"}]},\"conditionalVisibility\":{\"parameterName\":\"selectedTab\",\"comparison\":\"isEqualTo\",\"value\":\"Comply\"},\"customWidth\":\"100\",\"name\":\"cvss_group\",\"styleSettings\":{\"maxWidth\":\"100\"}},{\"type\":12,\"content\":{\"version\":\"NotebookGroup/1.0\",\"groupType\":\"editable\",\"items\":[{\"type\":1,\"content\":{\"json\":\"## Unmanaged OS Platform\\n\"},\"name\":\"text - 0\"},{\"type\":3,\"content\":{\"version\":\"KqlItem/1.0\",\"query\":\"TaniumDiscoverUnmanagedAssets_CL\\n|where Os_s <> \\\"\\\" \\n|distinct MacAddress_s,Os_s\\n|summarize count() by Os_s\\n\",\"size\":0,\"timeContext\":{\"durationMs\":2592000000},\"queryType\":0,\"resourceType\":\"microsoft.operationalinsights/workspaces\",\"visualization\":\"piechart\"},\"name\":\"query - 1\"},{\"type\":1,\"content\":{\"json\":\"## Unmanaged Device Type\"},\"name\":\"text - 2\"},{\"type\":3,\"content\":{\"version\":\"KqlItem/1.0\",\"query\":\"TaniumDiscoverUnmanagedAssets_CL\\n|where MacOrganization_s <> \\\"\\\" \\n|distinct MacAddress_s,MacOrganization_s\\n|summarize count() by MacOrganization_s\",\"size\":0,\"timeContext\":{\"durationMs\":2592000000},\"queryType\":0,\"resourceType\":\"microsoft.operationalinsights/workspaces\",\"visualization\":\"piechart\"},\"name\":\"query - 3\"},{\"type\":1,\"content\":{\"json\":\"## Unmanaged Open Ports\"},\"name\":\"text - 4\"},{\"type\":3,\"content\":{\"version\":\"KqlItem/1.0\",\"query\":\"TaniumDiscoverUnmanagedAssets_CL\\n|where Ports_s <> \\\"\\\" \\n|distinct MacAddress_s,Ports_s\\n|summarize count() by Ports_s\\n\\n\",\"size\":0,\"timeContext\":{\"durationMs\":2592000000},\"queryType\":0,\"resourceType\":\"microsoft.operationalinsights/workspaces\",\"visualization\":\"piechart\"},\"name\":\"query - 5\"},{\"type\":1,\"content\":{\"json\":\"## All Unmanaged Assets\"},\"name\":\"text - 6\"},{\"type\":3,\"content\":{\"version\":\"KqlItem/1.0\",\"query\":\"TaniumDiscoverUnmanagedAssets_CL\\n| where HostName_s <> \\\"\\\"\\n| project Hostname=HostName_s, MacAddres=MacAddress_s, IPAddress, MacOrganization=MacOrganization_s, LastDiscoveredTime=LastDiscoveredAt_s\\n| sort by LastDiscoveredTime\",\"size\":0,\"timeContext\":{\"durationMs\":86400000},\"queryType\":0,\"resourceType\":\"microsoft.operationalinsights/workspaces\"},\"name\":\"query - 7\"}]},\"conditionalVisibility\":{\"parameterName\":\"selectedTab\",\"comparison\":\"isEqualTo\",\"value\":\"Discover\"},\"name\":\"discover_group\"},{\"type\":12,\"content\":{\"version\":\"NotebookGroup/1.0\",\"groupType\":\"editable\",\"title\":\"MIcrosoft Tooling Health \",\"items\":[{\"type\":1,\"content\":{\"json\":\"## Defender AV Status\"},\"name\":\"text - 0\"},{\"type\":3,\"content\":{\"version\":\"KqlItem/1.0\",\"query\":\"TaniumDefenderHealth_CL\\n|where Antivirus_State_s <> \\\"\\\"\\n|summarize count () by Antivirus_State_s\\n|project Antivirus_State=Antivirus_State_s, Count=count_\\n|render piechart    \\n\",\"size\":0,\"timeContext\":{\"durationMs\":86400000},\"queryType\":0,\"resourceType\":\"microsoft.operationalinsights/workspaces\"},\"name\":\"query - 1\"},{\"type\":1,\"content\":{\"json\":\"## Defender AV Process Status\"},\"name\":\"text - 2\"},{\"type\":3,\"content\":{\"version\":\"KqlItem/1.0\",\"query\":\"TaniumDefenderHealth_CL\\n|where Defender_Process_s <> \\\"\\\"\\n|summarize count () by Defender_Process_s\\n|project Defender_Process_Status=Defender_Process_s, Count=count_\\n|render piechart    \\n\",\"size\":0,\"timeContext\":{\"durationMs\":86400000},\"queryType\":0,\"resourceType\":\"microsoft.operationalinsights/workspaces\"},\"name\":\"query - 3\"},{\"type\":1,\"content\":{\"json\":\"## Defender AV Signature Update Age\"},\"name\":\"text - 4\"},{\"type\":3,\"content\":{\"version\":\"KqlItem/1.0\",\"query\":\"TaniumDefenderHealth_CL\\n|where Signature_Update_Age_s <> \\\"\\\"\\n|summarize count () by Signature_Update_Age=Signature_Update_Age_s\\n|project Signature_Update_Age=Signature_Update_Age, Count=count_\\n|render columnchart    \",\"size\":0,\"timeContext\":{\"durationMs\":86400000},\"queryType\":0,\"resourceType\":\"microsoft.operationalinsights/workspaces\"},\"name\":\"query - 5\"}]},\"conditionalVisibility\":{\"parameterName\":\"selectedTab\",\"comparison\":\"isEqualTo\",\"value\":\"Microsoft Tooling Health\"},\"customWidth\":\"50\",\"name\":\"group - 5\"},{\"type\":12,\"content\":{\"version\":\"NotebookGroup/1.0\",\"groupType\":\"editable\",\"title\":\"MEMCM Health\",\"items\":[{\"type\":1,\"content\":{\"json\":\"## MEMCM Health Status\"},\"name\":\"text - 0\"},{\"type\":3,\"content\":{\"version\":\"KqlItem/1.0\",\"query\":\"TaniumSCCMClientHealth_CL\\n|where Health_Status_s !has \\\"N/A\\\"\\n|project Computer_Name=Computer_Name_s,Health_Status=Health_Status_s, Reason=Reason_s\",\"size\":0,\"timeContext\":{\"durationMs\":86400000},\"queryType\":0,\"resourceType\":\"microsoft.operationalinsights/workspaces\"},\"name\":\"query - 1\"},{\"type\":1,\"content\":{\"json\":\"## MEMCM Health Issues\"},\"name\":\"text - 2\"},{\"type\":3,\"content\":{\"version\":\"KqlItem/1.0\",\"query\":\"TaniumSCCMClientHealth_CL\\n|where Reason_s <> \\\"\\\"\\n|summarize count() by Reason_s\\n|project Health_Status=Reason_s,Count=count_\\n|render piechart\",\"size\":0,\"timeContext\":{\"durationMs\":86400000},\"queryType\":0,\"resourceType\":\"microsoft.operationalinsights/workspaces\"},\"name\":\"query - 3\"}]},\"conditionalVisibility\":{\"parameterName\":\"selectedTab\",\"comparison\":\"isEqualTo\",\"value\":\"Microsoft Tooling Health\"},\"customWidth\":\"50\",\"name\":\"sccm_group\"},{\"type\":12,\"content\":{\"version\":\"NotebookGroup/1.0\",\"groupType\":\"editable\",\"items\":[{\"type\":1,\"content\":{\"json\":\"## Intel Names over time\"},\"name\":\"text - 1\"},{\"type\":3,\"content\":{\"version\":\"KqlItem/1.0\",\"query\":\"TaniumThreatResponse_CL\\n|project Computer_Name_s,Timestamp_t,Intel_Name_s\\n|summarize count () by Timestamp_t, Intel_Name_s\\n|render areachart\",\"size\":0,\"timeContext\":{\"durationMs\":2592000000},\"queryType\":0,\"resourceType\":\"microsoft.operationalinsights/workspaces\"},\"name\":\"query - 0\"},{\"type\":1,\"content\":{\"json\":\"## Threat Response Alert Types\"},\"name\":\"text - 2\"},{\"type\":3,\"content\":{\"version\":\"KqlItem/1.0\",\"query\":\"TaniumThreatResponse_CL\\n| summarize count() by Intel_Type_s\\n| render piechart  \",\"size\":0,\"timeContext\":{\"durationMs\":2592000000},\"queryType\":0,\"resourceType\":\"microsoft.operationalinsights/workspaces\"},\"name\":\"query - 3\"},{\"type\":1,\"content\":{\"json\":\"## THR Alert by User\\n\"},\"name\":\"text - 4\"},{\"type\":3,\"content\":{\"version\":\"KqlItem/1.0\",\"query\":\"TaniumThreatResponse_CL\\n| summarize count() by Match_Details_match_properties_user_s\\n| render piechart  \",\"size\":0,\"timeContext\":{\"durationMs\":2592000000},\"queryType\":0,\"resourceType\":\"microsoft.operationalinsights/workspaces\"},\"name\":\"query - 5\"},{\"type\":1,\"content\":{\"json\":\"## Threat Response Alerts by Process Name\"},\"name\":\"text - 6\"},{\"type\":3,\"content\":{\"version\":\"KqlItem/1.0\",\"query\":\"TaniumThreatResponse_CL\\n| where isnotempty(Match_Details_match_properties_name_s)\\n| extend ActingProcessName = Match_Details_match_properties_name_s\\n| summarize event_count=count() by bin(Timestamp_t, 7d), ActingProcessName\\n| top 20 by event_count\\n| render barchart\",\"size\":0,\"timeContext\":{\"durationMs\":2592000000},\"queryType\":0,\"resourceType\":\"microsoft.operationalinsights/workspaces\"},\"name\":\"query - 7\"},{\"type\":1,\"content\":{\"json\":\"## All Alerts by Computer Name\"},\"name\":\"text - 8\"},{\"type\":3,\"content\":{\"version\":\"KqlItem/1.0\",\"query\":\"TaniumThreatResponse_CL\\n|summarize count() by Computer_Name_s, Intel_Name_s\\n|project-rename Computer_Name=Computer_Name_s, Intel_Name=Intel_Name_s, Count=count_\\n|sort by Count\",\"size\":0,\"timeContext\":{\"durationMs\":2592000000},\"queryType\":0,\"resourceType\":\"microsoft.operationalinsights/workspaces\"},\"name\":\"query - 9\"}]},\"conditionalVisibility\":{\"parameterName\":\"selectedTab\",\"comparison\":\"isEqualTo\",\"value\":\"Threat Response\"},\"name\":\"Threat Response\"}],\"fromTemplateId\":\"sentinel-TaniumWorkbook\",\"$schema\":\"https://github.com/Microsoft/Application-Insights-Workbooks/blob/master/schema/workbook.json\"}\n",
        "version": "1.0",
        "sourceId": "[variables('_workbook-source')]",
        "category": "sentinel"
      }
    },
    {
      "type": "Microsoft.Web/connections",
      "apiVersion": "2016-06-01",
      "name": "[variables('playbook1-AzureSentinelConnectionName')]",
      "location": "[parameters('workspace-location')]",
      "properties": {
        "displayName": "[variables('playbook1-AzureSentinelConnectionName')]",
        "api": {
          "id": "[variables('_playbook-1-connection-1')]"
        }
      }
    },
    {
      "type": "Microsoft.Logic/workflows",
      "apiVersion": "2017-07-01",
      "name": "[parameters('playbook1-PlaybookName')]",
      "location": "[parameters('workspace-location')]",
      "dependsOn": [
        "[resourceId('Microsoft.Web/connections', variables('playbook1-AzureSentinelConnectionName'))]"
      ],
      "properties": {
        "state": "Enabled",
        "definition": {
          "$schema": "https://schema.@{variables('azureManagementUrl')}/providers/Microsoft.Logic/schemas/2016-06-01/workflowdefinition.json#",
          "contentVersion": "1.0.0.0",
          "parameters": {
            "$connections": {
              "type": "Object"
            }
          },
          "triggers": {
            "Microsoft_Sentinel_incident": {
              "type": "ApiConnectionWebhook",
              "inputs": {
                "body": {
                  "callback_url": "@{listCallbackUrl()}"
                },
                "host": {
                  "connection": {
                    "name": "@parameters('$connections')['azuresentinel']['connectionId']"
                  }
                },
                "path": "/incident-creation"
              }
            }
          },
          "actions": {
            "Add_comment_to_incident_(V3)": {
              "runAfter": {
                "HTTP": [
                  "Succeeded"
                ]
              },
              "type": "ApiConnection",
              "inputs": {
                "body": {
                  "incidentArmId": "@triggerBody()?['object']?['id']",
                  "message": "<p>@{body('HTTP')}</p>"
                },
                "host": {
                  "connection": {
                    "name": "@parameters('$connections')['azuresentinel']['connectionId']"
                  }
                },
                "method": "post",
                "path": "/Incidents/Comment"
              }
            },
            "Entities_-_Get_Hosts": {
              "type": "ApiConnection",
              "inputs": {
                "body": "@triggerBody()?['object']?['properties']?['relatedEntities']",
                "host": {
                  "connection": {
                    "name": "@parameters('$connections')['azuresentinel']['connectionId']"
                  }
                },
                "method": "post",
                "path": "/entities/host"
              }
            },
            "HTTP": {
              "runAfter": {
                "Entities_-_Get_Hosts": [
                  "Succeeded"
                ]
              },
              "type": "Http",
              "inputs": {
                "body": "@triggerBody()",
                "headers": {
                  "Authorization": "[parameters('playbook1-ForwarderAPIToken')]"
                },
                "method": "POST",
                "uri": "[uri('https://',concat(parameters('playbook1-TaniumForwarderHost'), '/playbook?type=close_thr_alert'))]"
              }
            }
          }
        },
        "parameters": {
          "$connections": {
            "value": {
              "azuresentinel": {
                "connectionName": "[variables('playbook1-AzureSentinelConnectionName')]",
                "connectionId": "[resourceId('Microsoft.Web/connections', variables('playbook1-AzureSentinelConnectionName'))]",
                "id": "[concat('/subscriptions/',subscription().subscriptionId, '/providers/Microsoft.Web/locations/',parameters('workspace-location'),'/managedApis/azuresentinel')]"
              }
            }
          }
        }
      }
    },
    {
      "type": "Microsoft.Web/connections",
      "apiVersion": "2016-06-01",
      "name": "[variables('playbook2-AzureSentinelConnectionName')]",
      "location": "[parameters('workspace-location')]",
      "properties": {
        "displayName": "[variables('playbook2-AzureSentinelConnectionName')]",
        "api": {
          "id": "[variables('_playbook-1-connection-1')]"
        }
      }
    },
    {
      "type": "Microsoft.Logic/workflows",
      "apiVersion": "2017-07-01",
      "name": "[parameters('playbook2-PlaybookName')]",
      "location": "[parameters('workspace-location')]",
      "dependsOn": [
        "[resourceId('Microsoft.Web/connections', variables('playbook2-AzureSentinelConnectionName'))]"
      ],
      "properties": {
        "state": "Enabled",
        "definition": {
          "$schema": "https://schema.@{variables('azureManagementUrl')}/providers/Microsoft.Logic/schemas/2016-06-01/workflowdefinition.json#",
          "contentVersion": "1.0.0.0",
          "parameters": {
            "$connections": {
              "type": "Object"
            }
          },
          "triggers": {
            "manual": {
              "type": "Request",
              "kind": "Http",
              "inputs": {
                "method": "POST",
                "schema": {
                  "properties": {
                    "arm_id": {
                      "type": "string"
                    },
                    "message": {
                      "type": "string"
                    }
                  },
                  "type": "object"
                }
              }
            }
          },
          "actions": {
            "Add_comment_to_incident_(V3)": {
              "runAfter": {
                "Get_incident": [
                  "Succeeded"
                ]
              },
              "type": "ApiConnection",
              "inputs": {
                "body": {
                  "incidentArmId": "@body('Get_incident')?['id']",
                  "message": "<p>@{triggerBody()?['message']}</p>"
                },
                "host": {
                  "connection": {
                    "name": "@parameters('$connections')['azuresentinel']['connectionId']"
                  }
                },
                "method": "post",
                "path": "/Incidents/Comment"
              }
            },
            "Get_incident": {
              "type": "ApiConnection",
              "inputs": {
                "body": {
                  "incidentArmId": "@triggerBody()?['arm_id']"
                },
                "host": {
                  "connection": {
                    "name": "@parameters('$connections')['azuresentinel']['connectionId']"
                  }
                },
                "method": "post",
                "path": "/Incidents"
              }
            }
          }
        },
        "parameters": {
          "$connections": {
            "value": {
              "azuresentinel": {
                "connectionName": "[variables('playbook2-AzureSentinelConnectionName')]",
                "connectionId": "[resourceId('Microsoft.Web/connections', variables('playbook2-AzureSentinelConnectionName'))]",
                "id": "[concat('/subscriptions/',subscription().subscriptionId, '/providers/Microsoft.Web/locations/',parameters('workspace-location'),'/managedApis/azuresentinel')]"
              }
            }
          }
        }
      }
    },
    {
      "type": "Microsoft.Web/connections",
      "apiVersion": "2016-06-01",
      "name": "[variables('playbook3-AzureSentinelConnectionName')]",
      "location": "[parameters('workspace-location')]",
      "properties": {
        "displayName": "[variables('playbook3-AzureSentinelConnectionName')]",
        "api": {
          "id": "[variables('_playbook-1-connection-1')]"
        }
      }
    },
    {
      "type": "Microsoft.Logic/workflows",
      "apiVersion": "2017-07-01",
      "name": "[parameters('playbook3-PlaybookName')]",
      "location": "[parameters('workspace-location')]",
      "dependsOn": [
        "[resourceId('Microsoft.Web/connections', variables('playbook3-AzureSentinelConnectionName'))]"
      ],
      "properties": {
        "state": "Enabled",
        "definition": {
          "$schema": "https://schema.@{variables('azureManagementUrl')}/providers/Microsoft.Logic/schemas/2016-06-01/workflowdefinition.json#",
          "contentVersion": "1.0.0.0",
          "parameters": {
            "$connections": {
              "type": "Object"
            }
          },
          "triggers": {
            "Microsoft_Sentinel_incident": {
              "type": "ApiConnectionWebhook",
              "inputs": {
                "body": {
                  "callback_url": "@{listCallbackUrl()}"
                },
                "host": {
                  "connection": {
                    "name": "@parameters('$connections')['azuresentinel']['connectionId']"
                  }
                },
                "path": "/incident-creation"
              }
            }
          },
          "actions": {
            "Add_comment_to_incident_(V3)": {
              "runAfter": {
                "HTTP": [
                  "Succeeded"
                ]
              },
              "type": "ApiConnection",
              "inputs": {
                "body": {
                  "incidentArmId": "@triggerBody()?['object']?['id']",
                  "message": "<p>@{body('HTTP')}</p>"
                },
                "host": {
                  "connection": {
                    "name": "@parameters('$connections')['azuresentinel']['connectionId']"
                  }
                },
                "method": "post",
                "path": "/Incidents/Comment"
              }
            },
            "Entities_-_Get_Hosts": {
              "type": "ApiConnection",
              "inputs": {
                "body": "@triggerBody()?['object']?['properties']?['relatedEntities']",
                "host": {
                  "connection": {
                    "name": "@parameters('$connections')['azuresentinel']['connectionId']"
                  }
                },
                "method": "post",
                "path": "/entities/host"
              }
            },
            "HTTP": {
              "runAfter": {
                "Entities_-_Get_Hosts": [
                  "Succeeded"
                ]
              },
              "type": "Http",
              "inputs": {
                "body": "@triggerBody()",
                "headers": {
                  "Authorization": "[parameters('playbook3-ForwarderAPIToken')]"
                },
                "method": "POST",
                "uri": "[uri('https://',concat(parameters('playbook3-TaniumForwarderHost'), '/playbook?type=add_comply_findings'))]"
              }
            }
          }
        },
        "parameters": {
          "$connections": {
            "value": {
              "azuresentinel": {
                "connectionName": "[variables('playbook3-AzureSentinelConnectionName')]",
                "connectionId": "[resourceId('Microsoft.Web/connections', variables('playbook3-AzureSentinelConnectionName'))]",
                "id": "[concat('/subscriptions/',subscription().subscriptionId, '/providers/Microsoft.Web/locations/',parameters('workspace-location'),'/managedApis/azuresentinel')]"
              }
            }
          }
        }
      }
    },
    {
      "type": "Microsoft.Web/connections",
      "apiVersion": "2016-06-01",
      "name": "[variables('playbook4-AzureSentinelConnectionName')]",
      "location": "[parameters('workspace-location')]",
      "properties": {
        "displayName": "[variables('playbook4-AzureSentinelConnectionName')]",
        "api": {
          "id": "[variables('_playbook-1-connection-1')]"
        }
      }
    },
    {
      "type": "Microsoft.Logic/workflows",
      "apiVersion": "2017-07-01",
      "name": "[parameters('playbook4-PlaybookName')]",
      "location": "[parameters('workspace-location')]",
      "dependsOn": [
        "[resourceId('Microsoft.Web/connections', variables('playbook4-AzureSentinelConnectionName'))]"
      ],
      "properties": {
        "state": "Enabled",
        "definition": {
          "$schema": "https://schema.@{variables('azureManagementUrl')}/providers/Microsoft.Logic/schemas/2016-06-01/workflowdefinition.json#",
          "contentVersion": "1.0.0.0",
          "parameters": {
            "$connections": {
              "type": "Object"
            }
          },
          "triggers": {
            "Microsoft_Sentinel_incident": {
              "type": "ApiConnectionWebhook",
              "inputs": {
                "body": {
                  "callback_url": "@{listCallbackUrl()}"
                },
                "host": {
                  "connection": {
                    "name": "@parameters('$connections')['azuresentinel']['connectionId']"
                  }
                },
                "path": "/incident-creation"
              }
            }
          },
          "actions": {
            "Add_comment_to_incident_(V3)": {
              "runAfter": {
                "HTTP": [
                  "Succeeded"
                ]
              },
              "type": "ApiConnection",
              "inputs": {
                "body": {
                  "incidentArmId": "@triggerBody()?['object']?['id']",
                  "message": "<p>@{body('HTTP')}</p>"
                },
                "host": {
                  "connection": {
                    "name": "@parameters('$connections')['azuresentinel']['connectionId']"
                  }
                },
                "method": "post",
                "path": "/Incidents/Comment"
              }
            },
            "Entities_-_Get_Hosts": {
              "type": "ApiConnection",
              "inputs": {
                "body": "@triggerBody()?['object']?['properties']?['relatedEntities']",
                "host": {
                  "connection": {
                    "name": "@parameters('$connections')['azuresentinel']['connectionId']"
                  }
                },
                "method": "post",
                "path": "/entities/host"
              }
            },
            "HTTP": {
              "runAfter": {
                "Entities_-_Get_Hosts": [
                  "Succeeded"
                ]
              },
              "type": "Http",
              "inputs": {
                "body": "@triggerBody()",
                "headers": {
                  "Authorization": "[parameters('playbook4-ForwarderAPIToken')]"
                },
                "method": "POST",
                "uri": "[uri('https://',concat(parameters('playbook4-TaniumForwarderHost'), '/playbook?type=add_defender_health'))]"
              }
            }
          }
        },
        "parameters": {
          "$connections": {
            "value": {
              "azuresentinel": {
                "connectionName": "[variables('playbook4-AzureSentinelConnectionName')]",
                "connectionId": "[resourceId('Microsoft.Web/connections', variables('playbook4-AzureSentinelConnectionName'))]",
                "id": "[concat('/subscriptions/',subscription().subscriptionId, '/providers/Microsoft.Web/locations/',parameters('workspace-location'),'/managedApis/azuresentinel')]"
              }
            }
          }
        }
      }
    },
    {
      "type": "Microsoft.Web/connections",
      "apiVersion": "2016-06-01",
      "name": "[variables('playbook5-AzureSentinelConnectionName')]",
      "location": "[parameters('workspace-location')]",
      "properties": {
        "displayName": "[variables('playbook5-AzureSentinelConnectionName')]",
        "api": {
          "id": "[variables('_playbook-1-connection-1')]"
        }
      }
    },
    {
      "type": "Microsoft.Logic/workflows",
      "apiVersion": "2017-07-01",
      "name": "[parameters('playbook5-PlaybookName')]",
      "location": "[parameters('workspace-location')]",
      "dependsOn": [
        "[resourceId('Microsoft.Web/connections', variables('playbook5-AzureSentinelConnectionName'))]"
      ],
      "properties": {
        "state": "Enabled",
        "definition": {
          "$schema": "https://schema.@{variables('azureManagementUrl')}/providers/Microsoft.Logic/schemas/2016-06-01/workflowdefinition.json#",
          "contentVersion": "1.0.0.0",
          "parameters": {
            "$connections": {
              "type": "Object"
            }
          },
          "triggers": {
            "Microsoft_Sentinel_incident": {
              "type": "ApiConnectionWebhook",
              "inputs": {
                "body": {
                  "callback_url": "@{listCallbackUrl()}"
                },
                "host": {
                  "connection": {
                    "name": "@parameters('$connections')['azuresentinel']['connectionId']"
                  }
                },
                "path": "/incident-creation"
              }
            }
          },
          "actions": {
            "Add_comment_to_incident_(V3)": {
              "runAfter": {
                "HTTP": [
                  "Succeeded"
                ]
              },
              "type": "ApiConnection",
              "inputs": {
                "body": {
                  "incidentArmId": "@triggerBody()?['object']?['id']",
                  "message": "<p>@{body('HTTP')}</p>"
                },
                "host": {
                  "connection": {
                    "name": "@parameters('$connections')['azuresentinel']['connectionId']"
                  }
                },
                "method": "post",
                "path": "/Incidents/Comment"
              }
            },
            "Entities_-_Get_Hosts": {
              "type": "ApiConnection",
              "inputs": {
                "body": "@triggerBody()?['object']?['properties']?['relatedEntities']",
                "host": {
                  "connection": {
                    "name": "@parameters('$connections')['azuresentinel']['connectionId']"
                  }
                },
                "method": "post",
                "path": "/entities/host"
              }
            },
            "HTTP": {
              "runAfter": {
                "Entities_-_Get_Hosts": [
                  "Succeeded"
                ]
              },
              "type": "Http",
              "inputs": {
                "body": "@triggerBody()",
                "headers": {
                  "Authorization": "[parameters('playbook5-ForwarderAPIToken')]"
                },
                "method": "POST",
                "uri": "[uri('https://',concat(parameters('playbook5-TaniumForwarderHost'), '/playbook?type=add_sccm_health'))]"
              }
            }
          }
        },
        "parameters": {
          "$connections": {
            "value": {
              "azuresentinel": {
                "connectionName": "[variables('playbook5-AzureSentinelConnectionName')]",
                "connectionId": "[resourceId('Microsoft.Web/connections', variables('playbook5-AzureSentinelConnectionName'))]",
                "id": "[concat('/subscriptions/',subscription().subscriptionId, '/providers/Microsoft.Web/locations/',parameters('workspace-location'),'/managedApis/azuresentinel')]"
              }
            }
          }
        }
      }
    },
    {
      "type": "Microsoft.Web/connections",
      "apiVersion": "2016-06-01",
      "name": "[variables('playbook6-AzureSentinelConnectionName')]",
      "location": "[parameters('workspace-location')]",
      "properties": {
        "displayName": "[variables('playbook6-AzureSentinelConnectionName')]",
        "api": {
          "id": "[variables('_playbook-1-connection-1')]"
        }
      }
    },
    {
      "type": "Microsoft.Logic/workflows",
      "apiVersion": "2017-07-01",
      "name": "[parameters('playbook6-PlaybookName')]",
      "location": "[parameters('workspace-location')]",
      "dependsOn": [
        "[resourceId('Microsoft.Web/connections', variables('playbook6-AzureSentinelConnectionName'))]"
      ],
      "properties": {
        "state": "Enabled",
        "definition": {
          "$schema": "https://schema.@{variables('azureManagementUrl')}/providers/Microsoft.Logic/schemas/2016-06-01/workflowdefinition.json#",
          "contentVersion": "1.0.0.0",
          "parameters": {
            "$connections": {
              "type": "Object"
            }
          },
          "triggers": {
            "Microsoft_Sentinel_incident": {
              "type": "ApiConnectionWebhook",
              "inputs": {
                "body": {
                  "callback_url": "@{listCallbackUrl()}"
                },
                "host": {
                  "connection": {
                    "name": "@parameters('$connections')['azuresentinel']['connectionId']"
                  }
                },
                "path": "/incident-creation"
              }
            }
          },
          "actions": {
            "Add_comment_to_incident_(V3)": {
              "runAfter": {
                "HTTP": [
                  "Succeeded"
                ]
              },
              "type": "ApiConnection",
              "inputs": {
                "body": {
                  "incidentArmId": "@triggerBody()?['object']?['id']",
                  "message": "<p>@{body('HTTP')}</p>"
                },
                "host": {
                  "connection": {
                    "name": "@parameters('$connections')['azuresentinel']['connectionId']"
                  }
                },
                "method": "post",
                "path": "/Incidents/Comment"
              }
            },
            "Entities_-_Get_Hosts": {
              "type": "ApiConnection",
              "inputs": {
                "body": "@triggerBody()?['object']?['properties']?['relatedEntities']",
                "host": {
                  "connection": {
                    "name": "@parameters('$connections')['azuresentinel']['connectionId']"
                  }
                },
                "method": "post",
                "path": "/entities/host"
              }
            },
            "HTTP": {
              "runAfter": {
                "Entities_-_Get_Hosts": [
                  "Succeeded"
                ]
              },
              "type": "Http",
              "inputs": {
                "body": "@triggerBody()",
                "headers": {
                  "Authorization": "[parameters('playbook6-ForwarderAPIToken')]"
                },
                "method": "POST",
                "uri": "[uri('https://',concat(parameters('playbook6-TaniumForwarderHost'), '/playbook?type=quarantine'))]"
              }
            }
          }
        },
        "parameters": {
          "$connections": {
            "value": {
              "azuresentinel": {
                "connectionName": "[variables('playbook6-AzureSentinelConnectionName')]",
                "connectionId": "[resourceId('Microsoft.Web/connections', variables('playbook6-AzureSentinelConnectionName'))]",
                "id": "[concat('/subscriptions/',subscription().subscriptionId, '/providers/Microsoft.Web/locations/',parameters('workspace-location'),'/managedApis/azuresentinel')]"
              }
            }
          }
        }
      }
    },
    {
      "type": "Microsoft.OperationalInsights/workspaces/providers/alertRules",
      "name": "[concat(parameters('workspace'),'/Microsoft.SecurityInsights/',parameters('analytic1-id'))]",
      "apiVersion": "2021-03-01-preview",
      "kind": "Scheduled",
      "location": "[parameters('workspace-location')]",
      "properties": {
        "description": "Alerts from Tanium Threat Response (THR) that can be acted upon by Microsoft Sentinel Playbook",
        "displayName": "Tanium Threat Response Alerts",
        "enabled": false,
        "query": "let cap = (s:string) { strcat(toupper(substring(s,0,1)), substring(s,1))  };\nTaniumThreatResponse_CL\n| extend TaniumUrl = pack(\"computer_name\", Computer_Name_s, \"alert_guid\", Alert_Id_g, \"ip_address\", Computer_IP_s, \"platform\", Match_Details_finding_system_info_platform_s)\n| extend TaniumTHRLabel = strcat(cap(Intel_Type_s),\" - \", cap(Intel_Name_s), \" - \", cap(Match_Details_match_type_s))\n| where Computer_IP_s !contains \"N/A\"\n",
        "queryFrequency": "PT5M",
        "queryPeriod": "PT6M",
        "severity": "High",
        "suppressionDuration": "PT1H",
        "suppressionEnabled": false,
        "triggerOperator": "GreaterThan",
        "triggerThreshold": 0,
        "entityMappings": [
          {
            "entityType": "URL",
            "fieldMappings": [
              {
                "columnName": "TaniumUrl",
                "identifier": "Url"
              }
            ]
          },
          {
            "entityType": "IP",
            "fieldMappings": [
              {
                "columnName": "Computer_IP_s",
                "identifier": "Address"
              }
            ]
          },
          {
            "entityType": "Host",
            "fieldMappings": [
              {
                "columnName": "Computer_Name_s",
                "identifier": "HostName"
              }
            ]
          },
          {
            "entityType": "Malware",
            "fieldMappings": [
              {
                "columnName": "TaniumTHRLabel",
                "identifier": "Name"
              }
            ]
          }
        ]
      }
    },
    {
      "id": "[variables('_connector1-source')]",
      "name": "[concat(parameters('workspace'),'/Microsoft.SecurityInsights/',parameters('connector1-name'))]",
      "apiVersion": "2021-03-01-preview",
      "type": "Microsoft.OperationalInsights/workspaces/providers/dataConnectors",
      "location": "[parameters('workspace-location')]",
      "kind": "GenericUI",
      "properties": {
        "connectorUiConfig": {
          "title": "Tanium Connector",
          "publisher": "Tanium",
          "descriptionMarkdown": "The [Tanium](https://tanium.com) connector allows you to easily connect your Tanium platform to Microsoft Sentinel via [Tanium Connect](https://docs.tanium.com/connect/connect/index.html). This will enable Tanium to send [Tanium Threat Response Alerts](https://docs.tanium.com/threat_response/threat_response/index.html) and other data into the Microsoft Sentinel platform. This gives you insight to better view and control your environment.",
          "graphQueries": [
            {
              "metricName": "Total data received",
              "legend": "TaniumMainAsset_CL",
              "baseQuery": "TaniumMainAsset_CL"
            }
          ],
          "sampleQueries": [
            {
              "description": "10 Assets sent from Tanium",
              "query": "TaniumMainAsset_CL | limit 10"
            }
          ],
          "dataTypes": [
            {
              "name": "TaniumMainAsset_CL",
              "lastDataReceivedQuery": "TaniumMainAsset_CL\n            | summarize Time = max(TimeGenerated)\n            | where isnotempty(Time)"
            }
          ],
          "connectivityCriterias": [
            {
              "type": "IsConnectedQuery",
              "value": [
                "TaniumMainAsset_CL\n            | summarize LastLogReceived = max(TimeGenerated)\n            | project IsConnected = LastLogReceived > ago(30d)"
              ]
            }
          ],
          "availability": {
            "status": 1,
            "isPreview": true
          },
          "permissions": {
            "resourceProvider": [
              {
                "provider": "Microsoft.OperationalInsights/workspaces",
                "permissionsDisplayText": "read and write permissions are required.",
                "providerDisplayName": "Workspace",
                "scope": "Workspace",
                "requiredPermissions": {
                  "write": true,
                  "read": true,
                  "delete": true
                }
              },
              {
                "provider": "Microsoft.OperationalInsights/workspaces/sharedKeys",
                "permissionsDisplayText": "read permissions to shared keys for the workspace are required. [See the documentation to learn more about workspace keys](https://docs.microsoft.com/azure/azure-monitor/platform/agent-windows#obtain-workspace-id-and-key).",
                "providerDisplayName": "Keys",
                "scope": "Workspace",
                "requiredPermissions": {
                  "action": true
                }
              }
            ]
          },
          "instructionSteps": [
            {
              "description": "If you're using Tanium Cloud, you're already on the latest. If you're using Tanium On-Premises then go to the Solutions page and Import (or Update) the Tanium Connect solution.\n",
              "title": "1. Update Tanium Connect to the latest available version."
            },
            {
              "description": "Contact your Tanium representative to know about importing the required Content Pack. Your representative will either import it for you, or provide it to you via a link.\n",
              "title": "2. Import the required Content Pack."
            },
            {
              "description": "Copy the Workspace ID and Primary Key for your workspace.\n",
              "instructions": [
                {
                  "parameters": {
                    "fillWith": [
                      "WorkspaceId"
                    ],
                    "label": "Workspace ID"
                  },
                  "type": "CopyableLabel"
                },
                {
                  "parameters": {
                    "fillWith": [
                      "PrimaryKey"
                    ],
                    "label": "Primary Key"
                  },
                  "type": "CopyableLabel"
                }
              ],
              "title": "3. Get the Workspace ID and the Primary Key"
            },
            {
              "description": " - Go into Tanium Connect->Connections, and click 'New Connection'.\n - Set the source as the 'Sentinel - Main Asset' saved question, and set the Destination to Microsoft Log Analytics.\n - Ensure 'Flatten Results' is not checked on the source fields.\n - Set the Workspace ID and Primary Key in the destination fields.\n - Set the connection to run daily at a time of your choice.\n - Save the connection and enable it.\n",
              "title": "4. Enable Tanium Connect to send the primary asset information into Microsoft Log Analytics."
            }
          ]
        }
      }
    },
    {
      "type": "Microsoft.OperationalInsights/workspaces/providers/metadata",
      "apiVersion": "2021-03-01-preview",
      "properties": {
        "version": "1.0.8",
        "kind": "Solution",
        "contentId": "[variables('_sourceId')]",
        "parentId": "[variables('_sourceId')]",
        "source": {
          "kind": "Solution",
          "name": "Tanium",
          "sourceId": "[variables('_sourceId')]"
        },
        "author": {
          "name": "Tanium",
          "email": "support@tanium.com"
        },
        "support": {
          "name": "Tanium Inc.",
          "email": "support@tanium.com",
          "tier": "Partner",
          "link": "https://support.tanium.com"
        },
        "dependencies": {
          "operator": "AND",
          "criteria": [
            {
              "kind": "Workbook",
              "contentId": "[variables('_TaniumWorkbook_workbook')]",
              "version": "1.0.8"
            },
            {
              "kind": "Playbook",
              "contentId": "[variables('_playbook1-Tanium-CloseTHRAlert')]",
              "version": "1.0.8"
            },
            {
              "kind": "Playbook",
              "contentId": "[variables('_playbook2-Tanium-AddComment')]",
              "version": "1.0.8"
            },
            {
              "kind": "Playbook",
              "contentId": "[variables('_playbook3-Tanium-CollectComplyFindings')]",
              "version": "1.0.8"
            },
            {
              "kind": "Playbook",
              "contentId": "[variables('_playbook4-Tanium-CollectDefenderStatus')]",
              "version": "1.0.8"
            },
            {
              "kind": "Playbook",
              "contentId": "[variables('_playbook5-Tanium-CollectSCCMClientStatus')]",
              "version": "1.0.8"
            },
            {
              "kind": "Playbook",
              "contentId": "[variables('_playbook6-Tanium-QuarantineHosts')]",
              "version": "1.0.8"
            },
            {
              "kind": "AnalyticsRule",
              "contentId": "[variables('_TaniumThreatResponseAlerts_AnalyticalRules')]",
              "version": "1.0.8"
            },
            {
              "kind": "DataConnector",
              "contentId": "[variables('_TaniumConnectorConnector')]",
              "version": "1.0.8"
            }
          ]
        },
        "firstPublishDate": "2022-05-16",
        "lastPublishDate": "2022-05-16",
        "providers": [
          "Tanium"
        ],
        "categories": {
          "domains": [
            "Security - Network",
            "Security - Threat Protection"
          ]
        }
      },
      "name": "[concat(parameters('workspace'),'/Microsoft.SecurityInsights/', variables('_sourceId'))]"
    }
  ],
  "outputs": {}
}
