{
  "$schema": "https://schema.management.azure.com/schemas/0.1.2-preview/CreateUIDefinition.MultiVm.json#",
  "handler": "Microsoft.Azure.CreateUIDef",
  "version": "0.1.2-preview",
  "parameters": {
    "config": {
      "isWizard": false,
      "basics": {
        "description": "<img src=\"https://raw.githubusercontent.com/Azure/Azure-Sentinel/master/Solutions/Lookout/Workbooks/Images/Logo/lookout.svg\"width=\"75px\"height=\"75px\">\n\n**Note:** Please refer to the following before installing the solution: \n\n• Review the solution [Release Notes](https://github.com/Azure/Azure-Sentinel/tree/master/Solutions/Lookout/ReleaseNotes.md)\n\n • There may be [known issues](https://aka.ms/sentinelsolutionsknownissues) pertaining to this Solution, please refer to them before installing.\n\nThe [Lookout](https://lookout.com) solution provides the capability to ingest [Lookout events](https://www.lookout.com/products/mobile-endpoint-security) into Microsoft Sentinel through the Mobile Risk API. It can get events which helps to examine potential security risks and more. Refer to [API documentation](https://www.lookout.com/products/mobile-endpoint-security) for more information.\n\n**Underlying Microsoft Technologies used:**\n\nThis solution takes a dependency on the following technologies, and some of these dependencies either may be in [Preview](https://azure.microsoft.com/support/legal/preview-supplemental-terms/) state or might result in additional ingestion or operational costs:\n\na. [Azure Monitor HTTP Data Collector API](https://docs.microsoft.com/azure/azure-monitor/logs/data-collector-api)\n\nb. [Microsoft Sentinel Codeless Connector Platform](https://aka.ms/Sentinel-CCP_Platform)\n\n<p><span style='color:red; font-weight:bold;'>NOTE</span>: Microsoft recommends installation of \"LookoutStreaming_Definition\" (via Codeless Connector Framework). This connector is build on the Codeless Connector Framework (CCF), which uses the Log Ingestion API, which replaces ingestion via the <a href='https://aka.ms/Sentinel-Logs_migration' style='color:#1890F1;'>deprecated HTTP Data Collector API</a>. CCF-based data connectors also support <a href='https://aka.ms/Sentinel-DCR_Overview' style='color:#1890F1;'>Data Collection Rules</a> (DCRs) offering transformations and enrichment.</p>\n\n<p><span style='color:red; font-weight:bold;'>Important</span>: While the updated connector(s) can coexist with their legacy versions, running them together will result in duplicated data ingestion. You can disable the older versions of these connectors to avoid duplication of data.</p>\n\n**Data Connectors:** 2, **Parsers:** 1, **Workbooks:** 5, **Analytic Rules:** 5, **Hunting Queries:** 1, **Notebooks:** 4\n\n[Learn more about Microsoft Sentinel](https://aka.ms/azuresentinel) | [Learn more about Solutions](https://aka.ms/azuresentinelsolutionsdoc)",
        "subscription": {
          "resourceProviders": [
            "Microsoft.OperationsManagement/solutions",
            "Microsoft.OperationalInsights/workspaces/providers/alertRules",
            "Microsoft.Insights/workbooks",
            "Microsoft.Logic/workflows"
          ]
        },
        "location": {
          "metadata": {
            "hidden": "Hiding location, we get it from the log analytics workspace"
          },
          "visible": false
        },
        "resourceGroup": {
          "allowExisting": true
        }
      }
    },
    "basics": [
      {
        "name": "getLAWorkspace",
        "type": "Microsoft.Solutions.ArmApiControl",
        "toolTip": "This filters by workspaces that exist in the Resource Group selected",
        "condition": "[greater(length(resourceGroup().name),0)]",
        "request": {
          "method": "GET",
          "path": "[concat(subscription().id,'/providers/Microsoft.OperationalInsights/workspaces?api-version=2020-08-01')]"
        }
      },
      {
        "name": "workspace",
        "type": "Microsoft.Common.DropDown",
        "label": "Workspace",
        "placeholder": "Select a workspace",
        "toolTip": "This dropdown will list only workspace that exists in the Resource Group selected",
        "constraints": {
          "allowedValues": "[map(filter(basics('getLAWorkspace').value, (filter) => contains(toLower(filter.id), toLower(resourceGroup().name))), (item) => parse(concat('{\"label\":\"', item.name, '\",\"value\":\"', item.name, '\"}')))]",
          "required": true
        },
        "visible": true
      }
    ],
    "steps": [
      {
        "name": "dataconnectors",
        "label": "Data Connectors",
        "bladeTitle": "Data Connectors",
        "elements": [
          {
            "name": "dataconnectors1-text",
            "type": "Microsoft.Common.TextBlock",
            "options": {
              "text": "This Solution installs the data connector for Lookout. You can get Lookout custom log data in your Microsoft Sentinel workspace. After installing the solution, configure and enable this data connector by following guidance in Manage solution view."
            }
          },
          {
            "name": "dataconnectors2-text",
            "type": "Microsoft.Common.TextBlock",
            "options": {
              "text": "This Solution installs the data connector for Lookout Mobile Threat Detection Connector (via Codeless Connector Framework) (Preview). You can get Lookout Mobile Threat Detection Connector (via Codeless Connector Framework) (Preview) data in your Microsoft Sentinel workspace. After installing the solution, configure and enable this data connector by following guidance in Manage solution view."
            }
          },
          {
            "name": "dataconnectors-link2",
            "type": "Microsoft.Common.TextBlock",
            "options": {
              "link": {
                "label": "Learn more about connecting data sources",
                "uri": "https://docs.microsoft.com/azure/sentinel/connect-data-sources"
              }
            }
          }
        ]
      },
      {
        "name": "workbooks",
        "label": "Workbooks",
        "subLabel": {
          "preValidation": "Configure the workbooks",
          "postValidation": "Done"
        },
        "bladeTitle": "Workbooks",
        "elements": [
          {
            "name": "workbooks-text",
            "type": "Microsoft.Common.TextBlock",
            "options": {
              "text": "This solution installs workbook(s) to help you gain insights into the telemetry collected in Microsoft Sentinel. After installing the solution, start using the workbook in Manage solution view."
            }
          },
          {
            "name": "workbooks-link",
            "type": "Microsoft.Common.TextBlock",
            "options": {
              "link": {
                "label": "Learn more",
                "uri": "https://docs.microsoft.com/azure/sentinel/tutorial-monitor-your-data"
              }
            }
          },
          {
            "name": "workbook1",
            "type": "Microsoft.Common.Section",
            "label": "Lookout",
            "elements": [
              {
                "name": "workbook1-text",
                "type": "Microsoft.Common.TextBlock",
                "options": {
                  "text": "Sets the time name for analysis"
                }
              }
            ]
          },
          {
            "name": "workbook2",
            "type": "Microsoft.Common.Section",
            "label": "Lookout Enhanced Security Dashboard",
            "elements": [
              {
                "name": "workbook2-text",
                "type": "Microsoft.Common.TextBlock",
                "options": {
                  "text": "This workbook leverages the enhanced Lookout Mobile Risk API v2 data with comprehensive field extraction and advanced threat intelligence. It depends on the LookoutEvents parser deployed with the Microsoft Sentinel Solution."
                }
              }
            ]
          },
          {
            "name": "workbook3",
            "type": "Microsoft.Common.Section",
            "label": "Lookout Security Investigation Dashboard",
            "elements": [
              {
                "name": "workbook3-text",
                "type": "Microsoft.Common.TextBlock",
                "options": {
                  "text": "Real-time mobile threat investigation and incident response"
                }
              }
            ]
          },
          {
            "name": "workbook4",
            "type": "Microsoft.Common.Section",
            "label": "Lookout Executive Dashboard",
            "elements": [
              {
                "name": "workbook4-text",
                "type": "Microsoft.Common.TextBlock",
                "options": {
                  "text": "Real-time mobile threat detection and device security monitoring"
                }
              }
            ]
          },
          {
            "name": "workbook5",
            "type": "Microsoft.Common.Section",
            "label": "Lookout IOA Investigation Dashboard",
            "elements": [
              {
                "name": "workbook5-text",
                "type": "Microsoft.Common.TextBlock",
                "options": {
                  "text": "Comprehensive mobile threat intelligence, device investigation, and security posture monitoring"
                }
              }
            ]
          }
        ]
      },
      {
        "name": "analytics",
        "label": "Analytics",
        "subLabel": {
          "preValidation": "Configure the analytics",
          "postValidation": "Done"
        },
        "bladeTitle": "Analytics",
        "elements": [
          {
            "name": "analytics-text",
            "type": "Microsoft.Common.TextBlock",
            "options": {
              "text": "This solution installs the following analytic rule templates. After installing the solution, create and enable analytic rules in Manage solution view."
            }
          },
          {
            "name": "analytics-link",
            "type": "Microsoft.Common.TextBlock",
            "options": {
              "link": {
                "label": "Learn more",
                "uri": "https://docs.microsoft.com/azure/sentinel/tutorial-detect-threats-custom?WT.mc_id=Portal-Microsoft_Azure_CreateUIDef"
              }
            }
          },
          {
            "name": "analytic1",
            "type": "Microsoft.Common.Section",
            "label": "Lookout - New Threat events found.",
            "elements": [
              {
                "name": "analytic1-text",
                "type": "Microsoft.Common.TextBlock",
                "options": {
                  "text": "Created to detect new Threat events from the data which is recently synced by Lookout Solution."
                }
              }
            ]
          },
          {
            "name": "analytic2",
            "type": "Microsoft.Common.Section",
            "label": "Lookout - High Severity Mobile Threats Detected (v2)",
            "elements": [
              {
                "name": "analytic2-text",
                "type": "Microsoft.Common.TextBlock",
                "options": {
                  "text": "Detects high severity mobile threats from Lookout Mobile Risk API v2 with enhanced threat intelligence and device context. This rule leverages the comprehensive v2 field set to provide detailed threat classification, risk assessment, and device compliance status for improved security monitoring."
                }
              }
            ]
          },
          {
            "name": "analytic3",
            "type": "Microsoft.Common.Section",
            "label": "Lookout - Device Compliance and Security Status Changes (v2)",
            "elements": [
              {
                "name": "analytic3-text",
                "type": "Microsoft.Common.TextBlock",
                "options": {
                  "text": "Monitors device compliance status changes and security posture degradation using Lookout Mobile Risk API v2 enhanced device fields. Detects devices becoming non-compliant, security status changes, and potential device compromise indicators with detailed device context and MDM integration data."
                }
              }
            ]
          },
          {
            "name": "analytic4",
            "type": "Microsoft.Common.Section",
            "label": "Lookout - Critical Smishing and Phishing Alerts (v2)",
            "elements": [
              {
                "name": "analytic4-text",
                "type": "Microsoft.Common.TextBlock",
                "options": {
                  "text": "Detects critical smishing (SMS phishing) and phishing alerts from Lookout Mobile Risk API v2. This rule identifies sophisticated social engineering attacks including CEO fraud, credential harvesting, and malicious link campaigns targeting mobile devices. Leverages enhanced v2 smishing detection capabilities for comprehensive mobile threat protection."
                }
              }
            ]
          },
          {
            "name": "analytic5",
            "type": "Microsoft.Common.Section",
            "label": "Lookout - Critical Audit and Policy Changes (v2)",
            "elements": [
              {
                "name": "analytic5-text",
                "type": "Microsoft.Common.TextBlock",
                "options": {
                  "text": "Monitors critical audit events and policy changes from Lookout Mobile Risk API v2. Detects unauthorized configuration changes, policy modifications, security setting adjustments, and administrative actions that could impact mobile security posture. Provides comprehensive audit trail for compliance and security governance."
                }
              }
            ]
          }
        ]
      },
      {
        "name": "huntingqueries",
        "label": "Hunting Queries",
        "bladeTitle": "Hunting Queries",
        "elements": [
          {
            "name": "huntingqueries-text",
            "type": "Microsoft.Common.TextBlock",
            "options": {
              "text": "This solution installs the following hunting queries. After installing the solution, run these hunting queries to hunt for threats in Manage solution view. "
            }
          },
          {
            "name": "huntingqueries-link",
            "type": "Microsoft.Common.TextBlock",
            "options": {
              "link": {
                "label": "Learn more",
                "uri": "https://docs.microsoft.com/azure/sentinel/hunting"
              }
            }
          },
          {
            "name": "huntingquery1",
            "type": "Microsoft.Common.Section",
            "label": "Lookout Advanced Threat Hunting - Multi-Vector Attacks",
            "elements": [
              {
                "name": "huntingquery1-text",
                "type": "Microsoft.Common.TextBlock",
                "options": {
                  "text": "Identifies devices experiencing multiple threat types within a short timeframe, indicating coordinated attacks This hunting query depends on LookoutAPI data connector (LookoutEvents Parser or Table)"
                }
              }
            ]
          }
        ]
      },
      {
        "name": "parsers",
        "label": "Parsers",
        "bladeTitle": "Parsers",
        "elements": [
          {
            "name": "parsers-text",
            "type": "Microsoft.Common.TextBlock",
            "options": {
              "text": "This solution installs a parser that transforms the raw Lookout Mobile Risk API v2 logs into a normalized schema with enriched fields. After installing the solution, the parser will be available as the LookoutEvents function in your Microsoft Sentinel workspace."
            }
          },
          {
            "name": "parsers-link",
            "type": "Microsoft.Common.TextBlock",
            "options": {
              "link": {
                "label": "Learn more about parsers",
                "uri": "https://docs.microsoft.com/azure/sentinel/normalization-about-parsers"
              }
            }
          },
          {
            "name": "parser1",
            "type": "Microsoft.Common.Section",
            "label": "LookoutEvents",
            "elements": [
              {
                "name": "parser1-text",
                "type": "Microsoft.Common.TextBlock",
                "options": {
                  "text": "Parses Lookout MRA v2 Streaming API events (THREAT, DEVICE, SMISHING_ALERT, AUDIT) into normalized fields with device context, threat intelligence, and compliance status. Supports both REST API and Streaming API field structures."
                }
              }
            ]
          }
        ]
      },
      {
        "name": "notebooks",
        "label": "Notebooks",
        "bladeTitle": "Notebooks",
        "elements": [
          {
            "name": "notebooks-text",
            "type": "Microsoft.Common.TextBlock",
            "options": {
              "text": "This solution installs the following Jupyter notebooks for advanced threat hunting and investigation. After installing the solution, these notebooks will be available in the Notebooks blade in Microsoft Sentinel."
            }
          },
          {
            "name": "notebooks-link",
            "type": "Microsoft.Common.TextBlock",
            "options": {
              "link": {
                "label": "Learn more about notebooks",
                "uri": "https://docs.microsoft.com/azure/sentinel/notebooks"
              }
            }
          },
          {
            "name": "notebook1",
            "type": "Microsoft.Common.Section",
            "label": "Lookout Threat Hunting - Mobile Malware",
            "elements": [
              {
                "name": "notebook1-text",
                "type": "Microsoft.Common.TextBlock",
                "options": {
                  "text": "Interactive threat hunting notebook for investigating mobile malware threats detected by Lookout"
                }
              }
            ]
          },
          {
            "name": "notebook2",
            "type": "Microsoft.Common.Section",
            "label": "Lookout Threat Hunting - Smishing",
            "elements": [
              {
                "name": "notebook2-text",
                "type": "Microsoft.Common.TextBlock",
                "options": {
                  "text": "Interactive threat hunting notebook for investigating SMS phishing (smishing) attacks detected by Lookout"
                }
              }
            ]
          },
          {
            "name": "notebook3",
            "type": "Microsoft.Common.Section",
            "label": "Lookout Threat Hunting - Device Compliance",
            "elements": [
              {
                "name": "notebook3-text",
                "type": "Microsoft.Common.TextBlock",
                "options": {
                  "text": "Interactive threat hunting notebook for investigating device compliance and security posture issues"
                }
              }
            ]
          },
          {
            "name": "notebook4",
            "type": "Microsoft.Common.Section",
            "label": "Lookout Threat Hunting - Audit & Insider Threat",
            "elements": [
              {
                "name": "notebook4-text",
                "type": "Microsoft.Common.TextBlock",
                "options": {
                  "text": "Interactive threat hunting notebook for investigating audit events and potential insider threat activity"
                }
              }
            ]
          }
        ]
      }
    ],
    "outputs": {
      "workspace-location": "[first(map(filter(basics('getLAWorkspace').value, (filter) => and(contains(toLower(filter.id), toLower(resourceGroup().name)),equals(filter.name,basics('workspace')))), (item) => item.location))]",
      "location": "[location()]",
      "workspace": "[basics('workspace')]"
    }
  }
}
