{
  "$schema": "https://schema.management.azure.com/schemas/0.1.2-preview/CreateUIDefinition.MultiVm.json#",
  "handler": "Microsoft.Azure.CreateUIDef",
  "version": "0.1.2-preview",
  "parameters": {
    "config": {
      "isWizard": false,
      "basics": {
        "description": "<img src=\"https://raw.githubusercontent.com/Azure/Azure-Sentinel/master/Logos/gsa.svg\" width=\"75px\" height=\"75px\">\n\n**Note:** Please refer to the following before installing the solution: \n\n• Review the solution [Release Notes](https://github.com/Azure/Azure-Sentinel/tree/master/Solutions/Global%20Secure%20Access/ReleaseNotes.md)\n\n • There may be [known issues](https://aka.ms/sentinelsolutionsknownissues) pertaining to this Solution, please refer to them before installing.\n\n[Global Secure Access](https://aka.ms/GlobalSecureAccess) is a [domain solution](https://learn.microsoft.com/en-us/azure/sentinel/sentinel-solutions-catalog#domain-solutions) and does not include any data connectors. The content in this solution requires one of the product solutions below.\n\n**Prerequisite:**\n\nInstall one or more of the listed solutions to unlock the value provided by this solution.\n1. Microsoft Entra ID \n\n**Underlying Microsoft Technologies used:**\n\nThis solution depends on the following technologies, and some of these dependencies may either be in Preview state or might result in additional ingestion or operational costs:\n1. Product solutions as described above\n\n\n**Workbooks:** 3, **Analytic Rules:** 7\n\n[Learn more about Microsoft Sentinel](https://aka.ms/azuresentinel) | [Learn more about Solutions](https://aka.ms/azuresentinelsolutionsdoc)",
        "subscription": {
          "resourceProviders": [
            "Microsoft.OperationsManagement/solutions",
            "Microsoft.OperationalInsights/workspaces/providers/alertRules",
            "Microsoft.Insights/workbooks",
            "Microsoft.Logic/workflows"
          ]
        },
        "location": {
          "metadata": {
            "hidden": "Hiding location, we get it from the log analytics workspace"
          },
          "visible": false
        },
        "resourceGroup": {
          "allowExisting": true
        }
      }
    },
    "basics": [
      {
        "name": "getLAWorkspace",
        "type": "Microsoft.Solutions.ArmApiControl",
        "toolTip": "This filters by workspaces that exist in the Resource Group selected",
        "condition": "[greater(length(resourceGroup().name),0)]",
        "request": {
          "method": "GET",
          "path": "[concat(subscription().id,'/providers/Microsoft.OperationalInsights/workspaces?api-version=2020-08-01')]"
        }
      },
      {
        "name": "workspace",
        "type": "Microsoft.Common.DropDown",
        "label": "Workspace",
        "placeholder": "Select a workspace",
        "toolTip": "This dropdown will list only workspace that exists in the Resource Group selected",
        "constraints": {
          "allowedValues": "[map(filter(basics('getLAWorkspace').value, (filter) => contains(toLower(filter.id), toLower(resourceGroup().name))), (item) => parse(concat('{\"label\":\"', item.name, '\",\"value\":\"', item.name, '\"}')))]",
          "required": true
        },
        "visible": true
      }
    ],
    "steps": [
      {
        "name": "workbooks",
        "label": "Workbooks",
        "subLabel": {
          "preValidation": "Configure the workbooks",
          "postValidation": "Done"
        },
        "bladeTitle": "Workbooks",
        "elements": [
          {
            "name": "workbooks-text",
            "type": "Microsoft.Common.TextBlock",
            "options": {
              "text": "This Microsoft Sentinel Solution installs workbooks. Workbooks provide a flexible canvas for data monitoring, analysis, and the creation of rich visual reports within the Azure portal. They allow you to tap into one or many data sources from Microsoft Sentinel and combine them into unified interactive experiences."
            }
          },
          {
            "name": "workbooks-link",
            "type": "Microsoft.Common.TextBlock",
            "options": {
              "link": {
                "label": "Learn more",
                "uri": "https://docs.microsoft.com/azure/sentinel/tutorial-monitor-your-data"
              }
            }
          },
          {
            "name": "workbook1",
            "type": "Microsoft.Common.Section",
            "label": "Enriched Microsoft 365 logs Workbook",
            "elements": [
              {
                "name": "workbook1-text",
                "type": "Microsoft.Common.TextBlock",
                "options": {
                  "text": "This Workbook provides a detailed view of Microsoft 365 log data, enriched with contextual information to enhance visibility into user activities and potential security threats."
                }
              }
            ]
          },
          {
            "name": "workbook2",
            "type": "Microsoft.Common.Section",
            "label": "Network Traffic Insights",
            "elements": [
              {
                "name": "workbook2-text",
                "type": "Microsoft.Common.TextBlock",
                "options": {
                  "text": "This workbook provides an overview of all traffic logs within your network, offering insights into data transfer, anomalies, and potential threats."
                }
              }
            ]
          },
          {
            "name": "workbook3",
            "type": "Microsoft.Common.Section",
            "label": "MCP Servers Dashboard",
            "elements": [
              {
                "name": "workbook3-text",
                "type": "Microsoft.Common.TextBlock",
                "options": {
                  "text": "This workbook provides an overview for MCP protocol traffic."
                }
              }
            ]
          }
        ]
      },
      {
        "name": "analytics",
        "label": "Analytics",
        "subLabel": {
          "preValidation": "Configure the analytics",
          "postValidation": "Done"
        },
        "bladeTitle": "Analytics",
        "elements": [
          {
            "name": "analytics-text",
            "type": "Microsoft.Common.TextBlock",
            "options": {
              "text": "This solution installs the following analytic rule templates. After installing the solution, create and enable analytic rules in the Manage solution view."
            }
          },
          {
            "name": "analytics-link",
            "type": "Microsoft.Common.TextBlock",
            "options": {
              "link": {
                "label": "Learn more",
                "uri": "https://docs.microsoft.com/azure/sentinel/tutorial-detect-threats-custom?WT.mc_id=Portal-Microsoft_Azure_CreateUIDef"
              }
            }
          },
          {
            "name": "analytic1",
            "type": "Microsoft.Common.Section",
            "label": "GSA - Detect Connections Outside Operational Hours",
            "elements": [
              {
                "name": "analytic1-text",
                "type": "Microsoft.Common.TextBlock",
                "options": {
                  "text": "This query identifies connections that occur outside of the defined operational hours. It helps in monitoring and flagging any unusual activity that may occur during non-business hours, indicating potential security concerns or policy violations."
                }
              }
            ]
          },
          {
            "name": "analytic2",
            "type": "Microsoft.Common.Section",
            "label": "GSA - Detect Abnormal Deny Rate for Source to Destination IP",
            "elements": [
              {
                "name": "analytic2-text",
                "type": "Microsoft.Common.TextBlock",
                "options": {
                  "text": "Identifies abnormal deny rate for specific source IP to destination IP based on the normal average and standard deviation learned during a configured period. This can indicate potential exfiltration, initial access, or C2, where an attacker tries to exploit the same vulnerability on machines in the organization but is being blocked by firewall rules.\n\nConfigurable Parameters:\n    - minimumOfStdsThreshold: The number of stds to use in the threshold calculation. Default is set to 3.\n    - learningPeriodTime: Learning period for threshold calculation in days. Default is set to 5.\n    - binTime: Learning buckets time in hours. Default is set to 1 hour.\n    - minimumThreshold: Minimum threshold for alert. Default is set to 5.\n    - minimumBucketThreshold: Minimum learning buckets threshold for alert. Default is set to 5."
                }
              }
            ]
          },
          {
            "name": "analytic3",
            "type": "Microsoft.Common.Section",
            "label": "GSA - Detect Protocol Changes for Destination Ports",
            "elements": [
              {
                "name": "analytic3-text",
                "type": "Microsoft.Common.TextBlock",
                "options": {
                  "text": "Identifies changes in the protocol used for specific destination ports, comparing the current runtime with a learned baseline.\nThis can indicate potential protocol misuse or configuration changes.\nConfigurable Parameters:\n- Learning period: The time range to establish the baseline. Default is set to 7 days.\n- Run time: The time range for current analysis. Default is set to 1 day."
                }
              }
            ]
          },
          {
            "name": "analytic4",
            "type": "Microsoft.Common.Section",
            "label": "GSA - Detect Source IP Scanning Multiple Open Ports",
            "elements": [
              {
                "name": "analytic4-text",
                "type": "Microsoft.Common.TextBlock",
                "options": {
                  "text": "Identifies a source IP scanning multiple open ports on Global Secure Access Firewall. This can indicate malicious scanning of ports by an attacker, trying to reveal open ports in the organization that can be compromised for initial access.\n  Configurable Parameters:\n  - Port scan time - the time range to look for multiple ports scanned. Default is set to 30 seconds.\n  - Minimum different ports threshold - alert only if more than this number of ports scanned. Default is set to 100."
                }
              }
            ]
          },
          {
            "name": "analytic5",
            "type": "Microsoft.Common.Section",
            "label": "GSA - TI Domain Entity",
            "elements": [
              {
                "name": "analytic5-text",
                "type": "Microsoft.Common.TextBlock",
                "options": {
                  "text": "This query identifies Domain indicators of compromise (IOCs) from threat intelligence (TI) by searching for matches in GSA NetworkAccessTraffic."
                }
              }
            ]
          },
          {
            "name": "analytic6",
            "type": "Microsoft.Common.Section",
            "label": "GSA - TI IP Entity",
            "elements": [
              {
                "name": "analytic6-text",
                "type": "Microsoft.Common.TextBlock",
                "options": {
                  "text": "This query identifies IP indicators of compromise (IOCs) from threat intelligence (TI) by searching for matches in GSA NetworkAccessTraffic."
                }
              }
            ]
          },
          {
            "name": "analytic7",
            "type": "Microsoft.Common.Section",
            "label": "GSA - TI URL Entity",
            "elements": [
              {
                "name": "analytic7-text",
                "type": "Microsoft.Common.TextBlock",
                "options": {
                  "text": "This query identifies URL indicators of compromise (IOCs) from threat intelligence (TI) by searching for matches in GSA NetworkAccessTraffic."
                }
              }
            ]
          }
        ]
      }
    ],
    "outputs": {
      "workspace-location": "[first(map(filter(basics('getLAWorkspace').value, (filter) => and(contains(toLower(filter.id), toLower(resourceGroup().name)),equals(filter.name,basics('workspace')))), (item) => item.location))]",
      "location": "[location()]",
      "workspace": "[basics('workspace')]"
    }
  }
}
