{
  "$schema": "https://schema.management.azure.com/schemas/2019-04-01/deploymentTemplate.json#",
  "contentVersion": "1.0.0.0",
  "metadata": {
    "author": "DataBahn - support@databahn.ai",
    "comments": "Solution template for DataBahn"
  },
  "parameters": {
    "location": {
      "type": "string",
      "minLength": 1,
      "defaultValue": "[resourceGroup().location]",
      "metadata": {
        "description": "Not used, but needed to pass arm-ttk test `Location-Should-Not-Be-Hardcoded`.  We instead use the `workspace-location` which is derived from the LA workspace"
      }
    },
    "workspace-location": {
      "type": "string",
      "defaultValue": "",
      "metadata": {
        "description": "[concat('Region to deploy solution resources -- separate from location selection',parameters('location'))]"
      }
    },
    "workspace": {
      "defaultValue": "",
      "type": "string",
      "metadata": {
        "description": "Workspace name for Log Analytics where Microsoft Sentinel is setup"
      }
    },
    "resourceGroupName": {
      "type": "string",
      "defaultValue": "[resourceGroup().name]",
      "metadata": {
        "description": "resource group name where Microsoft Sentinel is setup"
      }
    },
    "subscription": {
      "type": "string",
      "defaultValue": "[last(split(subscription().id, '/'))]",
      "metadata": {
        "description": "subscription id where Microsoft Sentinel is setup"
      }
    }
  },
  "variables": {
    "email": "support@databahn.ai",
    "_email": "[variables('email')]",
    "_solutionName": "DataBahn",
    "_solutionVersion": "3.0.0",
    "solutionId": "databahninc1771934525923.databahn-sentinel-push",
    "_solutionId": "[variables('solutionId')]",
    "workspaceResourceId": "[resourceId('microsoft.OperationalInsights/Workspaces', parameters('workspace'))]",
    "dataConnectorCCPVersion": "1.0.0",
    "_dataConnectorContentIdConnectorDefinition1": "DataBahnPush",
    "dataConnectorTemplateNameConnectorDefinition1": "[concat(parameters('workspace'),'-dc-',uniquestring(variables('_dataConnectorContentIdConnectorDefinition1')))]",
    "_dataConnectorContentIdConnections1": "DataBahnPushConnections",
    "dataConnectorTemplateNameConnections1": "[concat(parameters('workspace'),'-dc-',uniquestring(variables('_dataConnectorContentIdConnections1')))]",
    "dataCollectionEndpointId1": "[concat('/subscriptions/',parameters('subscription'),'/resourceGroups/',parameters('resourceGroupName'),'/providers/Microsoft.Insights/dataCollectionEndpoints/',parameters('workspace'))]",
    "blanks": "[replace('b', 'b', '')]",
    "_solutioncontentProductId": "[concat(take(variables('_solutionId'),50),'-','sl','-', uniqueString(concat(variables('_solutionId'),'-','Solution','-',variables('_solutionId'),'-', variables('_solutionVersion'))))]"
  },
  "resources": [
    {
      "type": "Microsoft.OperationalInsights/workspaces/providers/contentTemplates",
      "apiVersion": "2023-04-01-preview",
      "name": "[concat(parameters('workspace'),'/Microsoft.SecurityInsights/', variables('dataConnectorTemplateNameConnectorDefinition1'), variables('dataConnectorCCPVersion'))]",
      "location": "[parameters('workspace-location')]",
      "dependsOn": [
        "[extensionResourceId(resourceId('Microsoft.OperationalInsights/workspaces', parameters('workspace')), 'Microsoft.SecurityInsights/contentPackages', variables('_solutionId'))]"
      ],
      "properties": {
        "contentId": "[variables('_dataConnectorContentIdConnectorDefinition1')]",
        "displayName": "DataBahn",
        "contentKind": "DataConnector",
        "mainTemplate": {
          "$schema": "https://schema.management.azure.com/schemas/2019-04-01/deploymentTemplate.json#",
          "contentVersion": "[variables('dataConnectorCCPVersion')]",
          "parameters": {},
          "variables": {},
          "resources": [
            {
              "name": "[concat(parameters('workspace'),'/Microsoft.SecurityInsights/',variables('_dataConnectorContentIdConnectorDefinition1'))]",
              "apiVersion": "2022-09-01-preview",
              "type": "Microsoft.OperationalInsights/workspaces/providers/dataConnectorDefinitions",
              "location": "[parameters('workspace-location')]",
              "kind": "Customizable",
              "properties": {
                "connectorUiConfig": {
                  "id": "DataBahnPush",
                  "title": "DataBahn",
                  "publisher": "DataBahn",
                  "logo": "databahn.svg",
                  "descriptionMarkdown": "The [DataBahn](https://databahn.ai/) connector provides the capability to push real-time platform telemetry from your DataBahn environment directly into Microsoft Sentinel using the Codeless Connector Framework (CCF) Push pattern. This connector ingests audit logs, operational alerts, and device inventory into custom Log Analytics tables for analysis, alerting, and visualization.",
                  "graphQueries": [
                    {
                      "metricName": "Audit Logs",
                      "legend": "databahn_audit_logs_CL",
                      "baseQuery": "databahn_audit_logs_CL"
                    },
                    {
                      "metricName": "Alerts",
                      "legend": "databahn_alerts_CL",
                      "baseQuery": "databahn_alerts_CL"
                    },
                    {
                      "metricName": "Device Inventory",
                      "legend": "databahn_device_inventory_CL",
                      "baseQuery": "databahn_device_inventory_CL"
                    }
                  ],
                  "sampleQueries": [
                    {
                      "description": "Audit Logs",
                      "query": "databahn_audit_logs_CL\n | sort by TimeGenerated desc"
                    },
                    {
                      "description": "Alerts",
                      "query": "databahn_alerts_CL\n | sort by TimeGenerated desc"
                    },
                    {
                      "description": "Device Inventory",
                      "query": "databahn_device_inventory_CL\n | sort by TimeGenerated desc"
                    }
                  ],
                  "dataTypes": [
                    {
                      "name": "databahn_audit_logs_CL",
                      "lastDataReceivedQuery": "databahn_audit_logs_CL\n            | summarize Time = max(TimeGenerated)\n            | where isnotempty(Time)"
                    },
                    {
                      "name": "databahn_alerts_CL",
                      "lastDataReceivedQuery": "databahn_alerts_CL\n            | summarize Time = max(TimeGenerated)\n            | where isnotempty(Time)"
                    },
                    {
                      "name": "databahn_device_inventory_CL",
                      "lastDataReceivedQuery": "databahn_device_inventory_CL\n            | summarize Time = max(TimeGenerated)\n            | where isnotempty(Time)"
                    }
                  ],
                  "connectivityCriteria": [
                    {
                      "type": "IsConnectedQuery",
                      "value": [
                        "databahn_audit_logs_CL\n            | summarize LastLogReceived = max(TimeGenerated)\n            | project IsConnected = LastLogReceived > ago(7d)"
                      ]
                    }
                  ],
                  "availability": {
                    "status": 1
                  },
                  "permissions": {
                    "resourceProvider": [
                      {
                        "provider": "Microsoft.OperationalInsights/workspaces",
                        "permissionsDisplayText": "read and write permissions are required.",
                        "providerDisplayName": "Workspace",
                        "scope": "Workspace",
                        "requiredPermissions": {
                          "write": true,
                          "read": true,
                          "delete": true
                        }
                      }
                    ],
                    "customs": [
                      {
                        "name": "Microsoft Entra",
                        "description": "Permission to create an app registration in Microsoft Entra ID. Typically requires Entra ID Application Developer role or higher."
                      },
                      {
                        "name": "Microsoft Azure",
                        "description": "Permission to assign Monitoring Metrics Publisher role on data collection rule (DCR). Typically requires Azure RBAC Owner or User Access Administrator role."
                      }
                    ]
                  },
                  "instructionSteps": [
                    {
                      "title": "1. Create ARM Resources and Provide the Required Permissions",
                      "description": "This connector enables your DataBahn platform to push audit logs, alerts, and device inventory directly to Microsoft Sentinel via the Azure Monitor Ingestion API.",
                      "instructions": [
                        {
                          "type": "Markdown",
                          "parameters": {
                            "content": "#### Automated Configuration and Secure Data Ingestion with Entra Application \nClicking on \"Deploy\" will trigger the creation of Log Analytics tables and a Data Collection Rule (DCR). \nIt will then create an Entra application, link the DCR to it, and set the entered secret in the application. This setup enables data to be sent securely to the DCR using an Entra token."
                          }
                        },
                        {
                          "parameters": {
                            "label": "Deploy DataBahn connector resources",
                            "applicationDisplayName": "DataBahn Connector Application"
                          },
                          "type": "DeployPushConnectorButton"
                        }
                      ]
                    },
                    {
                      "title": "2. Configure Your DataBahn Platform",
                      "description": "Use the following parameters to configure your DataBahn Highway destination to push data to the workspace.",
                      "instructions": [
                        {
                          "parameters": {
                            "label": "Tenant ID (Directory ID)",
                            "fillWith": [
                              "TenantId"
                            ]
                          },
                          "type": "CopyableLabel"
                        },
                        {
                          "parameters": {
                            "label": "Entra App Registration Application ID",
                            "fillWith": [
                              "ApplicationId"
                            ],
                            "placeholder": "Deploy push connector to get the App Registration Application ID"
                          },
                          "type": "CopyableLabel"
                        },
                        {
                          "parameters": {
                            "label": "Entra App Registration Secret",
                            "fillWith": [
                              "ApplicationSecret"
                            ],
                            "placeholder": "Deploy push connector to get the App Registration Secret"
                          },
                          "type": "CopyableLabel"
                        },
                        {
                          "parameters": {
                            "label": "Data Collection Endpoint Uri",
                            "fillWith": [
                              "DataCollectionEndpoint"
                            ],
                            "placeholder": "Deploy push connector to get the Data Collection Endpoint Uri"
                          },
                          "type": "CopyableLabel"
                        },
                        {
                          "parameters": {
                            "label": "Data Collection Rule Immutable ID",
                            "fillWith": [
                              "DataCollectionRuleId"
                            ],
                            "placeholder": "Deploy push connector to get the Data Collection Rule Immutable ID"
                          },
                          "type": "CopyableLabel"
                        },
                        {
                          "parameters": {
                            "label": "Audit Logs Stream Name",
                            "value": "Custom-databahn_audit_logs"
                          },
                          "type": "CopyableLabel"
                        },
                        {
                          "parameters": {
                            "label": "Alerts Stream Name",
                            "value": "Custom-databahn_alerts"
                          },
                          "type": "CopyableLabel"
                        },
                        {
                          "parameters": {
                            "label": "Device Inventory Stream Name",
                            "value": "Custom-databahn_device_inventory"
                          },
                          "type": "CopyableLabel"
                        }
                      ]
                    }
                  ]
                }
              }
            },
            {
              "name": "[concat(parameters('workspace'),'/Microsoft.SecurityInsights/',concat('DataConnector-', variables('_dataConnectorContentIdConnectorDefinition1')))]",
              "apiVersion": "2022-01-01-preview",
              "type": "Microsoft.OperationalInsights/workspaces/providers/metadata",
              "properties": {
                "parentId": "[extensionResourceId(resourceId('Microsoft.OperationalInsights/workspaces', parameters('workspace')), 'Microsoft.SecurityInsights/dataConnectorDefinitions', variables('_dataConnectorContentIdConnectorDefinition1'))]",
                "contentId": "[variables('_dataConnectorContentIdConnectorDefinition1')]",
                "kind": "DataConnector",
                "version": "[variables('dataConnectorCCPVersion')]",
                "source": {
                  "sourceId": "[variables('_solutionId')]",
                  "name": "[variables('_solutionName')]",
                  "kind": "Solution"
                },
                "author": {
                  "name": "DataBahn",
                  "email": "[variables('_email')]"
                },
                "support": {
                  "name": "DataBahn",
                  "tier": "Partner",
                  "link": "https://app-us-west-2-poc.databahn.app/help/docs/category/azure"
                },
                "dependencies": {
                  "criteria": [
                    {
                      "version": "[variables('dataConnectorCCPVersion')]",
                      "contentId": "[variables('_dataConnectorContentIdConnections1')]",
                      "kind": "ResourcesDataConnector"
                    }
                  ]
                }
              }
            },
            {
              "name": "DataBahn-DCR",
              "apiVersion": "2022-06-01",
              "type": "Microsoft.Insights/dataCollectionRules",
              "location": "[parameters('workspace-location')]",
              "kind": "[variables('blanks')]",
              "properties": {
                "dataCollectionEndpointId": "[variables('dataCollectionEndpointId1')]",
                "streamDeclarations": {
                  "Custom-databahn_audit_logs": {
                    "columns": [
                      {
                        "name": "TimeGenerated",
                        "type": "datetime"
                      },
                      {
                        "name": "action",
                        "type": "string"
                      },
                      {
                        "name": "error",
                        "type": "string"
                      },
                      {
                        "name": "id",
                        "type": "string"
                      },
                      {
                        "name": "isSuccess",
                        "type": "boolean"
                      },
                      {
                        "name": "message",
                        "type": "string"
                      },
                      {
                        "name": "objectId",
                        "type": "string"
                      },
                      {
                        "name": "objectName",
                        "type": "string"
                      },
                      {
                        "name": "objectType",
                        "type": "string"
                      },
                      {
                        "name": "origin",
                        "type": "string"
                      },
                      {
                        "name": "path",
                        "type": "string"
                      },
                      {
                        "name": "subAction",
                        "type": "string"
                      },
                      {
                        "name": "subjectEmail",
                        "type": "string"
                      },
                      {
                        "name": "subjectId",
                        "type": "string"
                      },
                      {
                        "name": "subjectName",
                        "type": "string"
                      },
                      {
                        "name": "tenantId",
                        "type": "string"
                      }
                    ]
                  },
                  "Custom-databahn_alerts": {
                    "columns": [
                      {
                        "name": "TimeGenerated",
                        "type": "datetime"
                      },
                      {
                        "name": "action",
                        "type": "string"
                      },
                      {
                        "name": "alertType",
                        "type": "string"
                      },
                      {
                        "name": "criticality",
                        "type": "string"
                      },
                      {
                        "name": "dataPlaneId",
                        "type": "string"
                      },
                      {
                        "name": "dismissed",
                        "type": "boolean"
                      },
                      {
                        "name": "errorCode",
                        "type": "string"
                      },
                      {
                        "name": "errorMessage",
                        "type": "string"
                      },
                      {
                        "name": "firstObservedAt",
                        "type": "datetime"
                      },
                      {
                        "name": "functionality",
                        "type": "string"
                      },
                      {
                        "name": "functionalityEntityId",
                        "type": "string"
                      },
                      {
                        "name": "functionalityEntityName",
                        "type": "string"
                      },
                      {
                        "name": "functionalityType",
                        "type": "string"
                      },
                      {
                        "name": "id",
                        "type": "string"
                      },
                      {
                        "name": "lastObservedAt",
                        "type": "datetime"
                      },
                      {
                        "name": "message",
                        "type": "string"
                      },
                      {
                        "name": "status",
                        "type": "int"
                      },
                      {
                        "name": "tenantId",
                        "type": "string"
                      },
                      {
                        "name": "subject",
                        "type": "string"
                      },
                      {
                        "name": "updatedAt",
                        "type": "datetime"
                      },
                      {
                        "name": "updatedBy",
                        "type": "string"
                      }
                    ]
                  },
                  "Custom-databahn_device_inventory": {
                    "columns": [
                      {
                        "name": "TimeGenerated",
                        "type": "datetime"
                      },
                      {
                        "name": "firstSeen",
                        "type": "long"
                      },
                      {
                        "name": "hostname",
                        "type": "string"
                      },
                      {
                        "name": "lastSeen",
                        "type": "long"
                      },
                      {
                        "name": "sourceId",
                        "type": "string"
                      },
                      {
                        "name": "sourceName",
                        "type": "string"
                      }
                    ]
                  }
                },
                "destinations": {
                  "logAnalytics": [
                    {
                      "workspaceResourceId": "[variables('workspaceResourceId')]",
                      "name": "clv2ws1"
                    }
                  ]
                },
                "dataFlows": [
                  {
                    "streams": [
                      "Custom-databahn_audit_logs"
                    ],
                    "destinations": [
                      "clv2ws1"
                    ],
                    "transformKql": "source\n| extend TimeGenerated = now()",
                    "outputStream": "Custom-databahn_audit_logs_CL"
                  },
                  {
                    "streams": [
                      "Custom-databahn_alerts"
                    ],
                    "destinations": [
                      "clv2ws1"
                    ],
                    "transformKql": "source\n| extend TimeGenerated = now()",
                    "outputStream": "Custom-databahn_alerts_CL"
                  },
                  {
                    "streams": [
                      "Custom-databahn_device_inventory"
                    ],
                    "destinations": [
                      "clv2ws1"
                    ],
                    "transformKql": "source\n| extend TimeGenerated = now()",
                    "outputStream": "Custom-databahn_device_inventory_CL"
                  }
                ]
              }
            },
            {
              "name": "databahn_audit_logs_CL",
              "apiVersion": "2022-10-01",
              "type": "Microsoft.OperationalInsights/workspaces/tables",
              "location": "[parameters('workspace-location')]",
              "kind": null,
              "properties": {
                "schema": {
                  "name": "databahn_audit_logs_CL",
                  "columns": [
                    {
                      "name": "TimeGenerated",
                      "type": "datetime"
                    },
                    {
                      "name": "action",
                      "type": "string"
                    },
                    {
                      "name": "error",
                      "type": "string"
                    },
                    {
                      "name": "id",
                      "type": "string"
                    },
                    {
                      "name": "isSuccess",
                      "type": "boolean"
                    },
                    {
                      "name": "message",
                      "type": "string"
                    },
                    {
                      "name": "objectId",
                      "type": "string"
                    },
                    {
                      "name": "objectName",
                      "type": "string"
                    },
                    {
                      "name": "objectType",
                      "type": "string"
                    },
                    {
                      "name": "origin",
                      "type": "string"
                    },
                    {
                      "name": "path",
                      "type": "string"
                    },
                    {
                      "name": "subAction",
                      "type": "string"
                    },
                    {
                      "name": "subjectEmail",
                      "type": "string"
                    },
                    {
                      "name": "subjectId",
                      "type": "string"
                    },
                    {
                      "name": "subjectName",
                      "type": "string"
                    },
                    {
                      "name": "tenantId",
                      "type": "string"
                    }
                  ]
                }
              }
            },
            {
              "name": "databahn_alerts_CL",
              "apiVersion": "2022-10-01",
              "type": "Microsoft.OperationalInsights/workspaces/tables",
              "location": "[parameters('workspace-location')]",
              "kind": null,
              "properties": {
                "schema": {
                  "name": "databahn_alerts_CL",
                  "columns": [
                    {
                      "name": "TimeGenerated",
                      "type": "datetime"
                    },
                    {
                      "name": "action",
                      "type": "string"
                    },
                    {
                      "name": "alertType",
                      "type": "string"
                    },
                    {
                      "name": "criticality",
                      "type": "string"
                    },
                    {
                      "name": "dataPlaneId",
                      "type": "string"
                    },
                    {
                      "name": "dismissed",
                      "type": "boolean"
                    },
                    {
                      "name": "errorCode",
                      "type": "string"
                    },
                    {
                      "name": "errorMessage",
                      "type": "string"
                    },
                    {
                      "name": "firstObservedAt",
                      "type": "datetime"
                    },
                    {
                      "name": "functionality",
                      "type": "string"
                    },
                    {
                      "name": "functionalityEntityId",
                      "type": "string"
                    },
                    {
                      "name": "functionalityEntityName",
                      "type": "string"
                    },
                    {
                      "name": "functionalityType",
                      "type": "string"
                    },
                    {
                      "name": "id",
                      "type": "string"
                    },
                    {
                      "name": "lastObservedAt",
                      "type": "datetime"
                    },
                    {
                      "name": "message",
                      "type": "string"
                    },
                    {
                      "name": "status",
                      "type": "int"
                    },
                    {
                      "name": "tenantId",
                      "type": "string"
                    },
                    {
                      "name": "subject",
                      "type": "string"
                    },
                    {
                      "name": "updatedAt",
                      "type": "datetime"
                    },
                    {
                      "name": "updatedBy",
                      "type": "string"
                    }
                  ]
                }
              }
            },
            {
              "name": "databahn_device_inventory_CL",
              "apiVersion": "2022-10-01",
              "type": "Microsoft.OperationalInsights/workspaces/tables",
              "location": "[parameters('workspace-location')]",
              "kind": null,
              "properties": {
                "schema": {
                  "name": "databahn_device_inventory_CL",
                  "columns": [
                    {
                      "name": "TimeGenerated",
                      "type": "datetime"
                    },
                    {
                      "name": "firstSeen",
                      "type": "long"
                    },
                    {
                      "name": "hostname",
                      "type": "string"
                    },
                    {
                      "name": "lastSeen",
                      "type": "long"
                    },
                    {
                      "name": "sourceId",
                      "type": "string"
                    },
                    {
                      "name": "sourceName",
                      "type": "string"
                    }
                  ]
                }
              }
            }
          ]
        },
        "packageKind": "Solution",
        "packageVersion": "[variables('_solutionVersion')]",
        "packageName": "[variables('_solutionName')]",
        "contentProductId": "[concat(take(variables('_solutionId'), 50),'-','dc','-', uniqueString(concat(variables('_solutionId'),'-','DataConnector','-',variables('_dataConnectorContentIdConnectorDefinition1'),'-', variables('dataConnectorCCPVersion'))))]",
        "packageId": "[variables('_solutionId')]",
        "contentSchemaVersion": "3.0.0",
        "version": "[variables('dataConnectorCCPVersion')]"
      }
    },
    {
      "name": "[concat(parameters('workspace'),'/Microsoft.SecurityInsights/',variables('_dataConnectorContentIdConnectorDefinition1'))]",
      "apiVersion": "2022-09-01-preview",
      "type": "Microsoft.OperationalInsights/workspaces/providers/dataConnectorDefinitions",
      "location": "[parameters('workspace-location')]",
      "kind": "Customizable",
      "properties": {
        "connectorUiConfig": {
          "id": "DataBahnPush",
          "title": "DataBahn",
          "publisher": "DataBahn",
          "logo": "databahn.svg",
          "descriptionMarkdown": "The [DataBahn](https://databahn.ai/) connector provides the capability to push real-time platform telemetry from your DataBahn environment directly into Microsoft Sentinel using the Codeless Connector Framework (CCF) Push pattern. This connector ingests audit logs, operational alerts, and device inventory into custom Log Analytics tables for analysis, alerting, and visualization.",
          "graphQueries": [
            {
              "metricName": "Audit Logs",
              "legend": "databahn_audit_logs_CL",
              "baseQuery": "databahn_audit_logs_CL"
            },
            {
              "metricName": "Alerts",
              "legend": "databahn_alerts_CL",
              "baseQuery": "databahn_alerts_CL"
            },
            {
              "metricName": "Device Inventory",
              "legend": "databahn_device_inventory_CL",
              "baseQuery": "databahn_device_inventory_CL"
            }
          ],
          "sampleQueries": [
            {
              "description": "Audit Logs",
              "query": "databahn_audit_logs_CL\n | sort by TimeGenerated desc"
            },
            {
              "description": "Alerts",
              "query": "databahn_alerts_CL\n | sort by TimeGenerated desc"
            },
            {
              "description": "Device Inventory",
              "query": "databahn_device_inventory_CL\n | sort by TimeGenerated desc"
            }
          ],
          "dataTypes": [
            {
              "name": "databahn_audit_logs_CL",
              "lastDataReceivedQuery": "databahn_audit_logs_CL\n            | summarize Time = max(TimeGenerated)\n            | where isnotempty(Time)"
            },
            {
              "name": "databahn_alerts_CL",
              "lastDataReceivedQuery": "databahn_alerts_CL\n            | summarize Time = max(TimeGenerated)\n            | where isnotempty(Time)"
            },
            {
              "name": "databahn_device_inventory_CL",
              "lastDataReceivedQuery": "databahn_device_inventory_CL\n            | summarize Time = max(TimeGenerated)\n            | where isnotempty(Time)"
            }
          ],
          "connectivityCriteria": [
            {
              "type": "IsConnectedQuery",
              "value": [
                "databahn_audit_logs_CL\n            | summarize LastLogReceived = max(TimeGenerated)\n            | project IsConnected = LastLogReceived > ago(7d)"
              ]
            }
          ],
          "availability": {
            "status": 1
          },
          "permissions": {
            "resourceProvider": [
              {
                "provider": "Microsoft.OperationalInsights/workspaces",
                "permissionsDisplayText": "read and write permissions are required.",
                "providerDisplayName": "Workspace",
                "scope": "Workspace",
                "requiredPermissions": {
                  "write": true,
                  "read": true,
                  "delete": true
                }
              }
            ],
            "customs": [
              {
                "name": "Microsoft Entra",
                "description": "Permission to create an app registration in Microsoft Entra ID. Typically requires Entra ID Application Developer role or higher."
              },
              {
                "name": "Microsoft Azure",
                "description": "Permission to assign Monitoring Metrics Publisher role on data collection rule (DCR). Typically requires Azure RBAC Owner or User Access Administrator role."
              }
            ]
          },
          "instructionSteps": [
            {
              "title": "1. Create ARM Resources and Provide the Required Permissions",
              "description": "This connector enables your DataBahn platform to push audit logs, alerts, and device inventory directly to Microsoft Sentinel via the Azure Monitor Ingestion API.",
              "instructions": [
                {
                  "type": "Markdown",
                  "parameters": {
                    "content": "#### Automated Configuration and Secure Data Ingestion with Entra Application \nClicking on \"Deploy\" will trigger the creation of Log Analytics tables and a Data Collection Rule (DCR). \nIt will then create an Entra application, link the DCR to it, and set the entered secret in the application. This setup enables data to be sent securely to the DCR using an Entra token."
                  }
                },
                {
                  "parameters": {
                    "label": "Deploy DataBahn connector resources",
                    "applicationDisplayName": "DataBahn Connector Application"
                  },
                  "type": "DeployPushConnectorButton"
                }
              ]
            },
            {
              "title": "2. Configure Your DataBahn Platform",
              "description": "Use the following parameters to configure your DataBahn Highway destination to push data to the workspace.",
              "instructions": [
                {
                  "parameters": {
                    "label": "Tenant ID (Directory ID)",
                    "fillWith": [
                      "TenantId"
                    ]
                  },
                  "type": "CopyableLabel"
                },
                {
                  "parameters": {
                    "label": "Entra App Registration Application ID",
                    "fillWith": [
                      "ApplicationId"
                    ],
                    "placeholder": "Deploy push connector to get the App Registration Application ID"
                  },
                  "type": "CopyableLabel"
                },
                {
                  "parameters": {
                    "label": "Entra App Registration Secret",
                    "fillWith": [
                      "ApplicationSecret"
                    ],
                    "placeholder": "Deploy push connector to get the App Registration Secret"
                  },
                  "type": "CopyableLabel"
                },
                {
                  "parameters": {
                    "label": "Data Collection Endpoint Uri",
                    "fillWith": [
                      "DataCollectionEndpoint"
                    ],
                    "placeholder": "Deploy push connector to get the Data Collection Endpoint Uri"
                  },
                  "type": "CopyableLabel"
                },
                {
                  "parameters": {
                    "label": "Data Collection Rule Immutable ID",
                    "fillWith": [
                      "DataCollectionRuleId"
                    ],
                    "placeholder": "Deploy push connector to get the Data Collection Rule Immutable ID"
                  },
                  "type": "CopyableLabel"
                },
                {
                  "parameters": {
                    "label": "Audit Logs Stream Name",
                    "value": "Custom-databahn_audit_logs"
                  },
                  "type": "CopyableLabel"
                },
                {
                  "parameters": {
                    "label": "Alerts Stream Name",
                    "value": "Custom-databahn_alerts"
                  },
                  "type": "CopyableLabel"
                },
                {
                  "parameters": {
                    "label": "Device Inventory Stream Name",
                    "value": "Custom-databahn_device_inventory"
                  },
                  "type": "CopyableLabel"
                }
              ]
            }
          ]
        }
      }
    },
    {
      "name": "[concat(parameters('workspace'),'/Microsoft.SecurityInsights/',concat('DataConnector-', variables('_dataConnectorContentIdConnectorDefinition1')))]",
      "apiVersion": "2022-01-01-preview",
      "type": "Microsoft.OperationalInsights/workspaces/providers/metadata",
      "properties": {
        "parentId": "[extensionResourceId(resourceId('Microsoft.OperationalInsights/workspaces', parameters('workspace')), 'Microsoft.SecurityInsights/dataConnectorDefinitions', variables('_dataConnectorContentIdConnectorDefinition1'))]",
        "contentId": "[variables('_dataConnectorContentIdConnectorDefinition1')]",
        "kind": "DataConnector",
        "version": "[variables('dataConnectorCCPVersion')]",
        "source": {
          "sourceId": "[variables('_solutionId')]",
          "name": "[variables('_solutionName')]",
          "kind": "Solution"
        },
        "author": {
          "name": "DataBahn",
          "email": "[variables('_email')]"
        },
        "support": {
          "name": "DataBahn",
          "tier": "Partner",
          "link": "https://app-us-west-2-poc.databahn.app/help/docs/category/azure"
        },
        "dependencies": {
          "criteria": [
            {
              "version": "[variables('dataConnectorCCPVersion')]",
              "contentId": "[variables('_dataConnectorContentIdConnections1')]",
              "kind": "ResourcesDataConnector"
            }
          ]
        }
      }
    },
    {
      "type": "Microsoft.OperationalInsights/workspaces/providers/contentTemplates",
      "apiVersion": "2023-04-01-preview",
      "name": "[concat(parameters('workspace'),'/Microsoft.SecurityInsights/', variables('dataConnectorTemplateNameConnections1'), variables('dataConnectorCCPVersion'))]",
      "location": "[parameters('workspace-location')]",
      "dependsOn": [
        "[extensionResourceId(resourceId('Microsoft.OperationalInsights/workspaces', parameters('workspace')), 'Microsoft.SecurityInsights/contentPackages', variables('_solutionId'))]"
      ],
      "properties": {
        "contentId": "[variables('_dataConnectorContentIdConnections1')]",
        "displayName": "DataBahn",
        "contentKind": "ResourcesDataConnector",
        "mainTemplate": {
          "$schema": "https://schema.management.azure.com/schemas/2019-04-01/deploymentTemplate.json#",
          "contentVersion": "[variables('dataConnectorCCPVersion')]",
          "parameters": {
            "guidValue": {
              "defaultValue": "[[newGuid()]",
              "type": "securestring"
            },
            "innerWorkspace": {
              "defaultValue": "[parameters('workspace')]",
              "type": "securestring"
            },
            "auth": {
              "type": "object",
              "defaultValue": {
                "appId": "[[parameters('auth').appId]]",
                "servicePrincipalId": "[[parameters('auth').servicePrincipalId]]"
              }
            },
            "connectorDefinitionName": {
              "defaultValue": "DataBahn",
              "type": "securestring",
              "minLength": 1
            },
            "workspace": {
              "defaultValue": "[parameters('workspace')]",
              "type": "securestring"
            },
            "dcrConfig": {
              "defaultValue": {
                "dataCollectionEndpoint": "data collection Endpoint",
                "dataCollectionRuleImmutableId": "data collection rule immutableId"
              },
              "type": "object"
            }
          },
          "variables": {
            "_dataConnectorContentIdConnections1": "[variables('_dataConnectorContentIdConnections1')]"
          },
          "resources": [
            {
              "name": "[concat(parameters('workspace'),'/Microsoft.SecurityInsights/',concat('DataConnector-', variables('_dataConnectorContentIdConnections1')))]",
              "apiVersion": "2022-01-01-preview",
              "type": "Microsoft.OperationalInsights/workspaces/providers/metadata",
              "properties": {
                "parentId": "[extensionResourceId(resourceId('Microsoft.OperationalInsights/workspaces', parameters('workspace')), 'Microsoft.SecurityInsights/dataConnectors', variables('_dataConnectorContentIdConnections1'))]",
                "contentId": "[variables('_dataConnectorContentIdConnections1')]",
                "kind": "ResourcesDataConnector",
                "version": "[variables('dataConnectorCCPVersion')]",
                "source": {
                  "sourceId": "[variables('_solutionId')]",
                  "name": "[variables('_solutionName')]",
                  "kind": "Solution"
                },
                "author": {
                  "name": "DataBahn",
                  "email": "[variables('_email')]"
                },
                "support": {
                  "name": "DataBahn",
                  "tier": "Partner",
                  "link": "https://app-us-west-2-poc.databahn.app/help/docs/category/azure"
                }
              }
            },
            {
              "name": "[[concat(parameters('innerWorkspace'),'/Microsoft.SecurityInsights/', 'DataBahnPushConnector', parameters('guidValue'))]",
              "apiVersion": "2023-02-01-preview",
              "type": "Microsoft.OperationalInsights/workspaces/providers/dataConnectors",
              "location": "[parameters('workspace-location')]",
              "kind": "Push",
              "properties": {
                "connectorDefinitionName": "DataBahnPush",
                "dcrConfig": {
                  "streamName": "Custom-databahn_audit_logs",
                  "dataCollectionEndpoint": "[[parameters('dcrConfig').dataCollectionEndpoint]",
                  "dataCollectionRuleImmutableId": "[[parameters('dcrConfig').dataCollectionRuleImmutableId]"
                },
                "auth": {
                  "type": "Push",
                  "appId": "[[parameters('auth').appId]",
                  "servicePrincipalId": "[[parameters('auth').servicePrincipalId]"
                },
                "request": {
                  "RetryCount": 1
                },
                "response": {
                  "eventsJsonPaths": [
                    "$.messages"
                  ]
                }
              }
            }
          ]
        },
        "packageKind": "Solution",
        "packageVersion": "[variables('_solutionVersion')]",
        "packageName": "[variables('_solutionName')]",
        "contentProductId": "[concat(take(variables('_solutionId'), 50),'-','rdc','-', uniqueString(concat(variables('_solutionId'),'-','ResourcesDataConnector','-',variables('_dataConnectorContentIdConnections1'),'-', variables('dataConnectorCCPVersion'))))]",
        "packageId": "[variables('_solutionId')]",
        "contentSchemaVersion": "3.0.0",
        "version": "[variables('dataConnectorCCPVersion')]"
      }
    },
    {
      "type": "Microsoft.OperationalInsights/workspaces/providers/contentPackages",
      "apiVersion": "2023-04-01-preview",
      "location": "[parameters('workspace-location')]",
      "properties": {
        "version": "3.0.0",
        "kind": "Solution",
        "contentSchemaVersion": "3.0.0",
        "displayName": "DataBahn",
        "publisherDisplayName": "DataBahn",
        "descriptionHtml": "<p><strong>Note:</strong> Please refer to the following before installing the solution:</p>\n<p>• Review the solution <a href=\"https://github.com/Azure/Azure-Sentinel/tree/master/Solutions/DataBahn/ReleaseNotes.md\">Release Notes</a></p>\n<p>• There may be <a href=\"https://aka.ms/sentinelsolutionsknownissues\">known issues</a> pertaining to this Solution, please refer to them before installing.</p>\n<p>The DataBahn connector provides the capability to push real-time platform telemetry from your DataBahn environment directly into Microsoft Sentinel using the Codeless Connector Framework (CCF) Push pattern. This connector ingests audit logs, operational alerts, and device inventory into custom Log Analytics tables for analysis, alerting, and visualization.</p>\n<p><strong>Data Connectors:</strong> 1</p>\n<p><a href=\"https://aka.ms/azuresentinel\">Learn more about Microsoft Sentinel</a> | <a href=\"https://aka.ms/azuresentinelsolutionsdoc\">Learn more about Solutions</a></p>\n",
        "contentKind": "Solution",
        "contentProductId": "[variables('_solutioncontentProductId')]",
        "id": "[variables('_solutioncontentProductId')]",
        "icon": "<img src=\"https://raw.githubusercontent.com/Azure/Azure-Sentinel/master/Logos/databahn.svg\" width=\"75px\" height=\"75px\">",
        "contentId": "[variables('_solutionId')]",
        "parentId": "[variables('_solutionId')]",
        "source": {
          "kind": "Solution",
          "name": "DataBahn",
          "sourceId": "[variables('_solutionId')]"
        },
        "author": {
          "name": "DataBahn",
          "email": "[variables('_email')]"
        },
        "support": {
          "name": "DataBahn",
          "tier": "Partner",
          "link": "https://app-us-west-2-poc.databahn.app/help/docs/category/azure"
        },
        "dependencies": {
          "operator": "AND",
          "criteria": [
            {
              "kind": "DataConnector",
              "contentId": "[variables('_dataConnectorContentIdConnections1')]",
              "version": "[variables('dataConnectorCCPVersion')]"
            }
          ]
        },
        "firstPublishDate": "2026-02-06",
        "lastPublishDate": "2026-02-06",
        "providers": [
          "DataBahn"
        ],
        "categories": {
          "domains": [
            "Security - Others"
          ]
        }
      },
      "name": "[concat(parameters('workspace'),'/Microsoft.SecurityInsights/', variables('_solutionId'))]"
    }
  ],
  "outputs": {}
}
